0105,陆军工程大学03专业组(不限)
0131,海军军医大学04专业组(不限)
0131,海军军医大学05专业组(化学)
0131,海军军医大学06专业组(化学或生物)
0201,中国人民公安大学07专业组(不限)
0203,中国人民警察大学04专业组(不限)
0306,中国民用航空飞行学院05专业组(不限)
0306,中国民用航空飞行学院06专业组(不限)
0306,中国民用航空飞行学院07专业组(化学)
0306,中国民用航空飞行学院08专业组(思想政治)
1101,南京大学06专业组(不限)
1101,南京大学07专业组(化学)
1101,南京大学08专业组(化学)
1101,南京大学09专业组(化学或生物)
1102,东南大学05专业组(不限)
1102,东南大学06专业组(化学或生物)
1103,南京航空航天大学04专业组(不限)
1103,南京航空航天大学05专业组(不限)
1103,南京航空航天大学06专业组(不限)
1103,南京航空航天大学07专业组(不限)
1103,南京航空航天大学08专业组(不限)
1104,南京理工大学02专业组(不限)
1104,南京理工大学03专业组(不限)
1104,南京理工大学04专业组(不限)
1104,南京理工大学05专业组(不限)
1104,南京理工大学06专业组(不限)
1105,河海大学04专业组(不限)
1105,河海大学05专业组(不限)
1105,河海大学06专业组(不限)
1105,河海大学07专业组(不限)
1105,河海大学08专业组(不限)
1105,河海大学09专业组(不限)
1105,河海大学10专业组(化学)
1105,河海大学11专业组(化学)
1105,河海大学12专业组(化学或地理)
1106,南京信息工程大学09专业组(不限)
1106,南京信息工程大学10专业组(不限)
1106,南京信息工程大学11专业组(不限)
1106,南京信息工程大学12专业组(不限)
1106,南京信息工程大学13专业组(不限)
1106,南京信息工程大学14专业组(不限)
1106,南京信息工程大学15专业组(化学)
1106,南京信息工程大学16专业组(化学或地理)
1106,南京信息工程大学17专业组(化学或地理)
1107,南京农业大学03专业组(不限)
1107,南京农业大学04专业组(化学或生物)
1108,南京师范大学15专业组(不限)
1108,南京师范大学16专业组(不限)
1108,南京师范大学17专业组(不限)
1108,南京师范大学18专业组(不限)
1108,南京师范大学19专业组(不限)
1108,南京师范大学20专业组(不限)
1108,南京师范大学21专业组(不限)
1108,南京师范大学22专业组(不限)
1108,南京师范大学23专业组(化学)
1108,南京师范大学24专业组(化学或生物)
1108,南京师范大学25专业组(化学或地理)
1108,南京师范大学26专业组(思想政治)
1109,中国药科大学02专业组(化学)
1109,中国药科大学03专业组(化学)
1109,中国药科大学04专业组(化学或生物)
1109,中国药科大学05专业组(化学或生物)
1110,南京工业大学06专业组(不限)
1110,南京工业大学07专业组(不限)
1110,南京工业大学08专业组(不限)
1110,南京工业大学09专业组(不限)
1110,南京工业大学10专业组(化学)
1110,南京工业大学11专业组(化学或生物)
1111,南京邮电大学06专业组(不限)
1111,南京邮电大学07专业组(不限)
1111,南京邮电大学08专业组(化学)
1111,南京邮电大学09专业组(化学或地理)
1112,南京医科大学04专业组(不限)
1112,南京医科大学05专业组(化学)
1112,南京医科大学06专业组(化学或生物)
1112,南京医科大学07专业组(化学或生物)
1113,南京中医药大学11专业组(不限)
1113,南京中医药大学12专业组(不限)
1113,南京中医药大学13专业组(化学)
1113,南京中医药大学14专业组(化学)
1113,南京中医药大学15专业组(化学或生物)
1113,南京中医药大学16专业组(化学或生物)
1113,南京中医药大学17专业组(化学和生物)
1113,南京中医药大学18专业组(化学)
1113,南京中医药大学19专业组(化学或生物)
1113,南京中医药大学20专业组(化学或生物)
1113,南京中医药大学21专业组(化学和生物)
1114,南京工程学院03专业组(不限)
1114,南京工程学院04专业组(不限)
1114,南京工程学院05专业组(不限)
1114,南京工程学院06专业组(化学)
1115,南京林业大学06专业组(不限)
1115,南京林业大学07专业组(不限)
1115,南京林业大学08专业组(化学)
1115,南京林业大学09专业组(化学)
1115,南京林业大学10专业组(化学或生物)
1115,南京林业大学11专业组(化学或生物)
1115,南京林业大学12专业组(化学或生物)
1116,南京财经大学04专业组(不限)
1116,南京财经大学05专业组(不限)
1116,南京财经大学06专业组(不限)
1117,南京体育学院03专业组(不限)
1117,南京体育学院04专业组(化学)
1117,南京体育学院05专业组(生物)
1118,南京艺术学院02专业组(不限)
1119,南京审计大学07专业组(不限)
1119,南京审计大学08专业组(不限)
1119,南京审计大学09专业组(不限)
1119,南京审计大学10专业组(不限)
1119,南京审计大学11专业组(不限)
1119,南京审计大学12专业组(不限)
1120,南京晓庄学院12专业组(不限)
1120,南京晓庄学院13专业组(不限)
1120,南京晓庄学院14专业组(化学)
1120,南京晓庄学院15专业组(化学或生物)
1120,南京晓庄学院16专业组(化学或地理)
1120,南京晓庄学院17专业组(思想政治)
1122,江苏警官学院10专业组(不限)
1128,金陵科技学院03专业组(不限)
1128,金陵科技学院04专业组(不限)
1128,金陵科技学院05专业组(不限)
1128,金陵科技学院06专业组(不限)
1128,金陵科技学院07专业组(化学)
1128,金陵科技学院08专业组(化学或生物)
1128,金陵科技学院09专业组(化学或生物)
1131,江苏第二师范学院11专业组(不限)
1131,江苏第二师范学院12专业组(化学)
1131,江苏第二师范学院13专业组(化学或生物)
1131,江苏第二师范学院14专业组(化学或地理)
1131,江苏第二师范学院15专业组(思想政治)
1133,南京特殊教育师范学院04专业组(不限)
1133,南京特殊教育师范学院05专业组(化学)
1136,南京工业职业技术大学05专业组(不限)
1136,南京工业职业技术大学06专业组(不限)
1201,江南大学05专业组(不限)
1201,江南大学06专业组(不限)
1201,江南大学07专业组(不限)
1201,江南大学08专业组(化学)
1201,江南大学09专业组(化学)
1201,江南大学10专业组(化学)
1201,江南大学11专业组(化学)
1201,江南大学12专业组(化学或生物)
1201,江南大学13专业组(思想政治)
1203,无锡学院02专业组(不限)
1203,无锡学院03专业组(化学)
1221,中国矿业大学02专业组(不限)
1221,中国矿业大学03专业组(不限)
1221,中国矿业大学04专业组(化学)
1221,中国矿业大学05专业组(化学或地理)
1222,江苏师范大学11专业组(不限)
1222,江苏师范大学12专业组(不限)
1222,江苏师范大学13专业组(化学)
1222,江苏师范大学14专业组(化学或生物)
1222,江苏师范大学15专业组(化学或地理)
1222,江苏师范大学16专业组(思想政治)
1223,徐州医科大学04专业组(不限)
1223,徐州医科大学05专业组(不限)
1223,徐州医科大学06专业组(化学)
1223,徐州医科大学07专业组(化学)
1223,徐州医科大学08专业组(化学或生物)
1223,徐州医科大学09专业组(化学或生物)
1223,徐州医科大学10专业组(化学或生物)
1223,徐州医科大学11专业组(化学或生物)
1224,徐州工程学院02专业组(不限)
1224,徐州工程学院03专业组(不限)
1224,徐州工程学院04专业组(不限)
1224,徐州工程学院05专业组(化学)
1242,常州大学02专业组(不限)
1242,常州大学03专业组(不限)
1242,常州大学04专业组(不限)
1242,常州大学05专业组(不限)
1242,常州大学06专业组(化学)
1242,常州大学07专业组(化学或生物)
1242,常州大学08专业组(化学或生物)
1242,常州大学09专业组(化学或生物)
1243,常州工学院06专业组(不限)
1243,常州工学院07专业组(不限)
1243,常州工学院08专业组(不限)
1243,常州工学院09专业组(不限)
1243,常州工学院10专业组(化学)
1244,江苏理工学院04专业组(不限)
1244,江苏理工学院05专业组(不限)
1244,江苏理工学院06专业组(不限)
1244,江苏理工学院07专业组(不限)
1244,江苏理工学院08专业组(不限)
1244,江苏理工学院09专业组(化学)
1244,江苏理工学院10专业组(化学)
1244,江苏理工学院11专业组(化学或生物)
1244,江苏理工学院12专业组(化学或生物)
1244,江苏理工学院13专业组(化学或生物)
1261,苏州大学16专业组(不限)
1261,苏州大学17专业组(不限)
1261,苏州大学18专业组(不限)
1261,苏州大学19专业组(不限)
1261,苏州大学20专业组(不限)
1261,苏州大学21专业组(不限)
1261,苏州大学22专业组(不限)
1261,苏州大学23专业组(化学)
1261,苏州大学24专业组(化学)
1261,苏州大学25专业组(化学)
1261,苏州大学26专业组(化学)
1261,苏州大学27专业组(化学或生物)
1261,苏州大学28专业组(化学或生物)
1261,苏州大学29专业组(化学和生物)
1261,苏州大学30专业组(化学和生物)
1261,苏州大学31专业组(生物)
1262,苏州科技大学05专业组(不限)
1262,苏州科技大学06专业组(不限)
1262,苏州科技大学07专业组(化学)
1262,苏州科技大学08专业组(化学或生物)
1262,苏州科技大学09专业组(化学或地理)
1262,苏州科技大学10专业组(思想政治)
1263,常熟理工学院04专业组(不限)
1263,常熟理工学院05专业组(不限)
1263,常熟理工学院06专业组(不限)
1263,常熟理工学院07专业组(化学)
1263,常熟理工学院08专业组(化学或生物)
1263,常熟理工学院09专业组(化学或生物)
1265,中国人民大学(苏州校区)02专业组(不限)
1267,苏州城市学院04专业组(不限)
1267,苏州城市学院05专业组(不限)
1267,苏州城市学院06专业组(不限)
1267,苏州城市学院07专业组(不限)
1267,苏州城市学院08专业组(不限)
1267,苏州城市学院09专业组(化学)
1267,苏州城市学院10专业组(化学)
1301,南通大学12专业组(不限)
1301,南通大学13专业组(不限)
1301,南通大学14专业组(不限)
1301,南通大学15专业组(化学)
1301,南通大学16专业组(化学或生物)
1301,南通大学17专业组(化学或生物)
1301,南通大学18专业组(化学或地理)
1301,南通大学19专业组(思想政治)
1321,江苏海洋大学03专业组(不限)
1321,江苏海洋大学04专业组(不限)
1321,江苏海洋大学05专业组(不限)
1321,江苏海洋大学06专业组(化学)
1321,江苏海洋大学07专业组(化学或地理)
1341,淮阴师范学院09专业组(不限)
1341,淮阴师范学院10专业组(不限)
1341,淮阴师范学院11专业组(不限)
1341,淮阴师范学院12专业组(化学)
1341,淮阴师范学院13专业组(化学或生物)
1341,淮阴师范学院14专业组(化学或地理)
1341,淮阴师范学院15专业组(思想政治)
1342,淮阴工学院03专业组(不限)
1342,淮阴工学院04专业组(不限)
1342,淮阴工学院05专业组(不限)
1342,淮阴工学院06专业组(化学)
1342,淮阴工学院07专业组(化学或生物)
1361,盐城工学院02专业组(不限)
1361,盐城工学院03专业组(不限)
1361,盐城工学院04专业组(化学)
1361,盐城工学院05专业组(化学)
1362,盐城师范学院09专业组(不限)
1362,盐城师范学院10专业组(不限)
1362,盐城师范学院11专业组(化学)
1362,盐城师范学院12专业组(化学或生物)
1362,盐城师范学院13专业组(化学或地理)
1381,扬州大学17专业组(不限)
1381,扬州大学18专业组(不限)
1381,扬州大学19专业组(不限)
1381,扬州大学20专业组(不限)
1381,扬州大学21专业组(不限)
1381,扬州大学22专业组(不限)
1381,扬州大学23专业组(化学)
1381,扬州大学24专业组(化学或生物)
1381,扬州大学25专业组(化学或生物)
1381,扬州大学26专业组(化学或生物)
1401,江苏大学14专业组(不限)
1401,江苏大学15专业组(不限)
1401,江苏大学16专业组(不限)
1401,江苏大学17专业组(不限)
1401,江苏大学18专业组(不限)
1401,江苏大学19专业组(不限)
1401,江苏大学20专业组(不限)
1401,江苏大学21专业组(不限)
1401,江苏大学22专业组(化学)
1401,江苏大学23专业组(化学)
1401,江苏大学24专业组(化学)
1401,江苏大学25专业组(化学)
1401,江苏大学26专业组(化学)
1402,江苏科技大学09专业组(不限)
1402,江苏科技大学10专业组(不限)
1402,江苏科技大学11专业组(不限)
1402,江苏科技大学12专业组(不限)
1402,江苏科技大学13专业组(不限)
1402,江苏科技大学14专业组(不限)
1402,江苏科技大学15专业组(不限)
1402,江苏科技大学16专业组(不限)
1402,江苏科技大学17专业组(不限)
1402,江苏科技大学18专业组(化学)
1402,江苏科技大学19专业组(化学)
1402,江苏科技大学20专业组(化学)
1402,江苏科技大学21专业组(化学)
1402,江苏科技大学22专业组(化学或生物)
1402,江苏科技大学23专业组(思想政治)
1421,泰州学院03专业组(不限)
1421,泰州学院04专业组(不限)
1421,泰州学院05专业组(化学)
1421,泰州学院06专业组(化学)
1426,宿迁学院03专业组(不限)
1426,宿迁学院04专业组(化学)
1426,宿迁学院05专业组(化学和生物)
1426,宿迁学院06专业组(思想政治)
1802,东南大学成贤学院04专业组(不限)
1802,东南大学成贤学院05专业组(不限)
1802,东南大学成贤学院06专业组(不限)
1802,东南大学成贤学院07专业组(不限)
1802,东南大学成贤学院08专业组(不限)
1802,东南大学成贤学院09专业组(不限)
1802,东南大学成贤学院10专业组(化学)
1803,南京航空航天大学金城学院04专业组(不限)
1803,南京航空航天大学金城学院05专业组(不限)
1803,南京航空航天大学金城学院06专业组(不限)
1803,南京航空航天大学金城学院07专业组(不限)
1803,南京航空航天大学金城学院08专业组(不限)
1803,南京航空航天大学金城学院09专业组(化学)
1804,南京理工大学紫金学院02专业组(不限)
1804,南京理工大学紫金学院03专业组(不限)
1804,南京理工大学紫金学院04专业组(不限)
1804,南京理工大学紫金学院05专业组(不限)
1804,南京理工大学紫金学院06专业组(化学)
1807,南京审计大学金审学院02专业组(不限)
1810,南京工业大学浦江学院03专业组(不限)
1810,南京工业大学浦江学院04专业组(不限)
1810,南京工业大学浦江学院05专业组(不限)
1810,南京工业大学浦江学院06专业组(不限)
1810,南京工业大学浦江学院07专业组(不限)
1810,南京工业大学浦江学院08专业组(化学)
1810,南京工业大学浦江学院09专业组(化学或生物)
1816,南京财经大学红山学院02专业组(不限)
1826,中国矿业大学徐海学院02专业组(不限)
1826,中国矿业大学徐海学院03专业组(化学)
1827,江苏师范大学科文学院02专业组(不限)
1827,江苏师范大学科文学院03专业组(化学)
1834,苏州大学应用技术学院03专业组(不限)
1834,苏州大学应用技术学院04专业组(不限)
1834,苏州大学应用技术学院05专业组(化学)
1835,苏州科技大学天平学院03专业组(不限)
1835,苏州科技大学天平学院04专业组(化学)
1835,苏州科技大学天平学院05专业组(化学或生物)
1835,苏州科技大学天平学院06专业组(化学或地理)
1837,江苏科技大学苏州理工学院02专业组(不限)
1837,江苏科技大学苏州理工学院03专业组(化学)
1838,南通大学杏林学院02专业组(不限)
1838,南通大学杏林学院03专业组(化学)
1838,南通大学杏林学院04专业组(化学或生物)
1844,扬州大学广陵学院02专业组(不限)
1844,扬州大学广陵学院03专业组(化学)
1844,扬州大学广陵学院04专业组(化学或生物)
1845,江苏大学京江学院02专业组(不限)
1845,江苏大学京江学院03专业组(化学)
1845,江苏大学京江学院04专业组(化学或生物)
1846,南京医科大学康达学院03专业组(不限)
1846,南京医科大学康达学院04专业组(化学)
1846,南京医科大学康达学院05专业组(化学或生物)
1847,南京师范大学泰州学院02专业组(不限)
1847,南京师范大学泰州学院03专业组(化学)
1848,南京理工大学泰州科技学院02专业组(不限)
1848,南京理工大学泰州科技学院03专业组(不限)
1848,南京理工大学泰州科技学院04专业组(不限)
1848,南京理工大学泰州科技学院05专业组(不限)
1848,南京理工大学泰州科技学院06专业组(不限)
1848,南京理工大学泰州科技学院07专业组(化学)
1848,南京理工大学泰州科技学院08专业组(化学或生物)
1850,南京邮电大学通达学院02专业组(不限)
1850,南京邮电大学通达学院03专业组(不限)
1850,南京邮电大学通达学院04专业组(化学)
1855,常州大学怀德学院02专业组(不限)
1855,常州大学怀德学院03专业组(化学)
1858,南京师范大学中北学院03专业组(不限)
1858,南京师范大学中北学院04专业组(化学)
1858,南京师范大学中北学院05专业组(化学或生物)
1901,南京传媒学院02专业组(不限)
1911,三江学院02专业组(不限)
1911,三江学院03专业组(化学)
1915,无锡太湖学院02专业组(不限)
1915,无锡太湖学院03专业组(不限)
1915,无锡太湖学院04专业组(化学)
1921,西交利物浦大学03专业组(不限)
1921,西交利物浦大学04专业组(化学)
1921,西交利物浦大学05专业组(化学或生物)
1928,南通理工学院03专业组(不限)
1928,南通理工学院04专业组(化学)
2101,复旦大学05专业组(不限)
2101,复旦大学06专业组(不限)
2101,复旦大学07专业组(化学)
2102,同济大学03专业组(不限)
2102,同济大学04专业组(不限)
2102,同济大学05专业组(化学)
2102,同济大学06专业组(化学或生物)
2103,上海交通大学02专业组(不限)
2103,上海交通大学03专业组(不限)
2103,上海交通大学04专业组(不限)
2104,华东理工大学02专业组(不限)
2104,华东理工大学03专业组(不限)
2104,华东理工大学04专业组(化学)
2104,华东理工大学05专业组(化学或生物)
2105,东华大学02专业组(不限)
2105,东华大学03专业组(化学)
2106,华东师范大学04专业组(不限)
2106,华东师范大学05专业组(化学)
2106,华东师范大学06专业组(化学或生物)
2106,华东师范大学07专业组(化学或地理)
2107,华东政法大学02专业组(不限)
2109,上海外国语大学03专业组(不限)
2110,上海财经大学02专业组(不限)
2111,上海师范大学04专业组(不限)
2111,上海师范大学05专业组(不限)
2111,上海师范大学06专业组(化学)
2111,上海师范大学07专业组(化学或生物)
2112,上海大学02专业组(不限)
2112,上海大学03专业组(不限)
2112,上海大学04专业组(化学)
2112,上海大学05专业组(化学)
2113,上海中医药大学01专业组(不限)
2113,上海中医药大学02专业组(化学或生物)
2114,上海对外经贸大学03专业组(不限)
2114,上海对外经贸大学04专业组(不限)
2115,上海理工大学03专业组(不限)
2115,上海理工大学04专业组(不限)
2116,上海海洋大学02专业组(不限)
2116,上海海洋大学03专业组(不限)
2117,上海海事大学03专业组(不限)
2117,上海海事大学04专业组(化学)
2118,上海电力大学02专业组(不限)
2118,上海电力大学03专业组(不限)
2119,上海体育学院02专业组(不限)
2120,上海工程技术大学02专业组(不限)
2120,上海工程技术大学03专业组(化学)
2123,上海应用技术大学01专业组(不限)
2123,上海应用技术大学02专业组(化学)
2124,上海第二工业大学02专业组(不限)
2125,上海政法学院02专业组(不限)
2128,复旦大学医学院01专业组(化学或生物)
2128,复旦大学医学院02专业组(化学或生物)
2135,上海健康医学院01专业组(不限)
2135,上海健康医学院02专业组(化学)
2136,上海电机学院02专业组(不限)
2137,上海立信会计金融学院02专业组(不限)
2137,上海立信会计金融学院03专业组(化学或生物)
2137,上海立信会计金融学院04专业组(化学或生物)
2139,上海交通大学医学院01专业组(化学)
2139,上海交通大学医学院02专业组(化学)
2139,上海交通大学医学院03专业组(化学)
2141,上海商学院03专业组(不限)
2141,上海商学院04专业组(不限)
2201,浙江大学04专业组(不限)
2201,浙江大学05专业组(化学或生物)
2202,中国计量大学02专业组(不限)
2202,中国计量大学03专业组(化学)
2202,中国计量大学04专业组(化学或生物)
2203,浙江理工大学02专业组(不限)
2203,浙江理工大学03专业组(化学)
2203,浙江理工大学04专业组(化学或生物)
2204,浙江工业大学02专业组(不限)
2204,浙江工业大学03专业组(化学)
2205,中国美术学院02专业组(不限)
2206,浙江师范大学02专业组(不限)
2206,浙江师范大学03专业组(不限)
2206,浙江师范大学04专业组(化学或生物)
2207,浙江工商大学02专业组(不限)
2208,杭州电子科技大学01专业组(不限)
2208,杭州电子科技大学02专业组(不限)
2209,杭州师范大学03专业组(不限)
2209,杭州师范大学04专业组(不限)
2209,杭州师范大学05专业组(不限)
2209,杭州师范大学06专业组(不限)
2209,杭州师范大学07专业组(不限)
2209,杭州师范大学08专业组(化学)
2209,杭州师范大学09专业组(化学或生物)
2209,杭州师范大学10专业组(化学和生物)
2211,浙江传媒学院03专业组(不限)
2211,浙江传媒学院04专业组(不限)
2212,浙江科技学院02专业组(不限)
2212,浙江科技学院03专业组(不限)
2212,浙江科技学院04专业组(化学)
2213,浙江财经大学03专业组(不限)
2213,浙江财经大学04专业组(不限)
2214,浙江农林大学02专业组(不限)
2214,浙江农林大学03专业组(化学)
2214,浙江农林大学04专业组(化学或生物)
2214,浙江农林大学05专业组(化学或生物)
2216,浙江中医药大学03专业组(不限)
2216,浙江中医药大学04专业组(化学)
2216,浙江中医药大学05专业组(化学或生物)
2221,宁波大学02专业组(不限)
2221,宁波大学03专业组(化学)
2221,宁波大学04专业组(化学或生物)
2222,宁波工程学院01专业组(不限)
2222,宁波工程学院02专业组(不限)
2222,宁波工程学院03专业组(化学)
2223,绍兴文理学院02专业组(化学)
2228,温州大学02专业组(不限)
2231,嘉兴学院02专业组(不限)
2231,嘉兴学院03专业组(化学)
2231,嘉兴学院04专业组(化学或生物)
2240,浙江外国语学院02专业组(不限)
2241,温州医科大学01专业组(化学或生物)
2241,温州医科大学02专业组(化学或生物)
2242,浙江大学医学院01专业组(化学或生物)
2245,宁波诺丁汉大学03专业组(不限)
2245,宁波诺丁汉大学04专业组(不限)
2248,温州肯恩大学02专业组(不限)
2249,浙大城市学院02专业组(不限)
2250,浙大宁波理工学院02专业组(不限)
2251,浙江海洋大学02专业组(不限)
2251,浙江海洋大学03专业组(不限)
2251,浙江海洋大学04专业组(化学)
2251,浙江海洋大学05专业组(化学或生物)
2261,湖州师范学院02专业组(不限)
2261,湖州师范学院03专业组(不限)
2261,湖州师范学院04专业组(化学或生物)
2268,丽水学院03专业组(不限)
2268,丽水学院04专业组(不限)
2268,丽水学院05专业组(化学)
2268,丽水学院06专业组(化学或生物)
2272,浙江水利水电学院02专业组(不限)
2272,浙江水利水电学院03专业组(化学或地理)
2275,湖州学院02专业组(不限)
2276,温州理工学院01专业组(不限)
2277,嘉兴南湖学院01专业组(不限)
2301,中国科学技术大学01专业组(不限)
2301,中国科学技术大学02专业组(化学)
2302,合肥工业大学03专业组(不限)
2302,合肥工业大学04专业组(化学)
2302,合肥工业大学05专业组(化学或生物)
2303,安徽大学02专业组(不限)
2303,安徽大学03专业组(不限)
2304,安徽医科大学03专业组(化学或生物)
2304,安徽医科大学04专业组(化学和生物)
2305,安徽建筑大学02专业组(不限)
2305,安徽建筑大学03专业组(化学)
2305,安徽建筑大学04专业组(化学或生物)
2305,安徽建筑大学05专业组(地理)
2306,安徽农业大学03专业组(不限)
2306,安徽农业大学04专业组(化学)
2306,安徽农业大学05专业组(化学或生物)
2307,安徽中医药大学02专业组(不限)
2307,安徽中医药大学03专业组(不限)
2307,安徽中医药大学04专业组(生物)
2308,安徽工程大学01专业组(不限)
2308,安徽工程大学02专业组(化学)
2309,安徽师范大学04专业组(不限)
2309,安徽师范大学05专业组(化学)
2309,安徽师范大学06专业组(化学或生物)
2309,安徽师范大学07专业组(化学或地理)
2310,安徽科技学院01专业组(不限)
2310,安徽科技学院02专业组(化学)
2310,安徽科技学院03专业组(化学或生物)
2321,安徽财经大学03专业组(不限)
2321,安徽财经大学04专业组(不限)
2321,安徽财经大学05专业组(不限)
2321,安徽财经大学06专业组(不限)
2327,合肥学院02专业组(不限)
2327,合肥学院03专业组(化学)
2327,合肥学院04专业组(化学或生物)
2331,阜阳师范大学03专业组(不限)
2331,阜阳师范大学04专业组(思想政治或地理)
2332,蚌埠医学院03专业组(不限)
2332,蚌埠医学院04专业组(化学)
2332,蚌埠医学院05专业组(化学或生物)
2341,安徽理工大学01专业组(不限)
2341,安徽理工大学02专业组(不限)
2341,安徽理工大学03专业组(不限)
2341,安徽理工大学04专业组(化学)
2341,安徽理工大学05专业组(化学或生物)
2341,安徽理工大学06专业组(化学和生物)
2341,安徽理工大学07专业组(地理)
2342,宿州学院03专业组(不限)
2342,宿州学院04专业组(化学)
2342,宿州学院05专业组(化学或生物)
2347,蚌埠学院01专业组(不限)
2348,池州学院02专业组(不限)
2349,皖南医学院01专业组(化学)
2349,皖南医学院02专业组(化学或生物)
2351,淮北师范大学05专业组(不限)
2351,淮北师范大学06专业组(不限)
2351,淮北师范大学07专业组(化学)
2351,淮北师范大学08专业组(化学或生物)
2356,铜陵学院02专业组(不限)
2361,安徽工业大学02专业组(不限)
2361,安徽工业大学03专业组(化学)
2361,安徽工业大学04专业组(化学或生物)
2362,淮南师范学院03专业组(不限)
2362,淮南师范学院04专业组(化学)
2381,黄山学院04专业组(思想政治或地理)
2381,黄山学院05专业组(思想政治或地理)
2381,黄山学院06专业组(思想政治和地理)
2383,合肥工业大学(宣城校区)02专业组(不限)
2383,合肥工业大学(宣城校区)03专业组(化学)
2383,合肥工业大学(宣城校区)04专业组(化学或生物)
2401,福州大学02专业组(不限)
2401,福州大学03专业组(化学)
2402,福建农林大学02专业组(不限)
2402,福建农林大学03专业组(不限)
2402,福建农林大学04专业组(化学或生物)
2402,福建农林大学05专业组(化学或生物)
2405,福建工程学院01专业组(不限)
2406,福建医科大学01专业组(不限)
2406,福建医科大学02专业组(化学)
2406,福建医科大学03专业组(化学或生物)
2407,福建中医药大学01专业组(不限)
2407,福建中医药大学02专业组(化学)
2407,福建中医药大学03专业组(化学或生物)
2408,龙岩学院01专业组(不限)
2409,闽江学院01专业组(不限)
2410,三明学院02专业组(不限)
2411,厦门大学04专业组(不限)
2411,厦门大学05专业组(不限)
2411,厦门大学06专业组(不限)（马来西亚分校）
2411,厦门大学07专业组(化学)
2411,厦门大学08专业组(化学或生物)
2411,厦门大学09专业组(化学或生物)（马来西亚分校）
2412,集美大学04专业组(不限)
2412,集美大学05专业组(不限)
2412,集美大学06专业组(化学)
2412,集美大学07专业组(化学或生物)
2412,集美大学08专业组(化学或地理)
2413,厦门理工学院02专业组(不限)
2421,莆田学院03专业组(不限)
2422,华侨大学04专业组(不限)
2437,武夷学院02专业组(不限)
2437,武夷学院03专业组(化学)
2437,武夷学院04专业组(化学或生物)
2443,泉州师范学院01专业组(不限)
2443,泉州师范学院02专业组(化学)
2443,泉州师范学院03专业组(化学或生物)
2443,泉州师范学院04专业组(地理)
2448,闽南师范大学01专业组(不限)
2448,闽南师范大学02专业组(化学或生物)
2501,江西财经大学02专业组(不限)
2502,华东交通大学03专业组(不限)
2502,华东交通大学04专业组(不限)
2502,华东交通大学05专业组(化学)
2504,江西中医药大学03专业组(不限)
2504,江西中医药大学04专业组(化学)
2504,江西中医药大学05专业组(化学或生物)
2505,南昌大学02专业组(不限)
2505,南昌大学03专业组(化学和生物)
2505,南昌大学04专业组(化学和生物)
2505,南昌大学05专业组(化学和生物)
2506,南昌航空大学02专业组(不限)
2506,南昌航空大学03专业组(化学)
2507,江西科技师范大学04专业组(不限)
2507,江西科技师范大学05专业组(化学)
2507,江西科技师范大学06专业组(化学或生物)
2508,江西农业大学04专业组(不限)
2508,江西农业大学05专业组(化学)
2508,江西农业大学06专业组(化学或生物)
2508,江西农业大学07专业组(化学或地理)
2510,江西师范大学06专业组(不限)
2510,江西师范大学07专业组(化学)
2510,江西师范大学08专业组(化学或生物)
2510,江西师范大学09专业组(化学或地理)
2510,江西师范大学10专业组(生物)
2511,南昌工程学院02专业组(不限)
2511,南昌工程学院03专业组(不限)
2512,江西警察学院02专业组(不限)
2521,江西理工大学02专业组(不限)
2521,江西理工大学03专业组(不限)
2521,江西理工大学04专业组(不限)
2521,江西理工大学05专业组(化学)
2521,江西理工大学06专业组(化学或地理)
2522,赣南医学院02专业组(不限)
2522,赣南医学院03专业组(化学)
2522,赣南医学院04专业组(化学或生物)
2522,赣南医学院05专业组(生物)
2523,赣南师范大学04专业组(不限)
2523,赣南师范大学05专业组(化学)
2523,赣南师范大学06专业组(化学或生物)
2523,赣南师范大学07专业组(化学或地理)
2527,新余学院03专业组(不限)
2531,景德镇陶瓷大学04专业组(不限)
2531,景德镇陶瓷大学05专业组(化学)
2531,景德镇陶瓷大学06专业组(化学或生物)
2541,东华理工大学02专业组(不限)
2542,萍乡学院02专业组(不限)
2542,萍乡学院03专业组(化学)
2543,南昌师范学院04专业组(不限)
2543,南昌师范学院05专业组(化学或生物)
2551,宜春学院04专业组(不限)
2551,宜春学院05专业组(化学)
2551,宜春学院06专业组(化学或生物)
2561,九江学院02专业组(不限)
2561,九江学院03专业组(化学或生物)
2571,上饶师范学院03专业组(不限)
2571,上饶师范学院04专业组(化学)
2571,上饶师范学院05专业组(化学或地理)
2572,赣东学院02专业组(不限)
2573,赣南科技学院02专业组(不限)
2573,赣南科技学院03专业组(化学)
2574,南昌医学院04专业组(不限)
2574,南昌医学院05专业组(不限)
2574,南昌医学院06专业组(化学)
2574,南昌医学院07专业组(化学)
2574,南昌医学院08专业组(化学或生物)
2581,井冈山大学03专业组(不限)
2581,井冈山大学04专业组(化学)
2581,井冈山大学05专业组(化学或生物)
2596,景德镇学院02专业组(不限)
2601,山东大学03专业组(不限)
2601,山东大学04专业组(化学)
2601,山东大学05专业组(化学或生物)
2601,山东大学06专业组(化学和生物)
2602,济南大学03专业组(不限)
2602,济南大学04专业组(不限)
2602,济南大学05专业组(不限)
2602,济南大学06专业组(化学)
2602,济南大学07专业组(思想政治)
2603,北京交通大学(威海校区)02专业组(不限)
2605,山东中医药大学03专业组(不限)
2605,山东中医药大学04专业组(化学)
2605,山东中医药大学05专业组(化学)
2605,山东中医药大学06专业组(化学或生物)
2606,山东财经大学02专业组(不限)
2607,山东建筑大学02专业组(不限)
2608,山东工艺美术学院02专业组(不限)
2609,山东交通学院02专业组(不限)
2609,山东交通学院03专业组(不限)
2610,齐鲁工业大学03专业组(不限)
2610,齐鲁工业大学04专业组(化学)
2610,齐鲁工业大学05专业组(化学或生物)
2611,山东理工大学02专业组(不限)
2611,山东理工大学03专业组(化学)
2611,山东理工大学04专业组(化学或生物)
2613,枣庄学院01专业组(不限)
2613,枣庄学院02专业组(化学)
2613,枣庄学院03专业组(化学或生物)
2614,潍坊医学院01专业组(不限)
2614,潍坊医学院02专业组(化学)
2614,潍坊医学院03专业组(化学或生物)
2621,中国海洋大学02专业组(不限)
2621,中国海洋大学03专业组(不限)
2621,中国海洋大学04专业组(不限)
2621,中国海洋大学05专业组(不限)
2621,中国海洋大学06专业组(不限)
2621,中国海洋大学07专业组(不限)
2621,中国海洋大学08专业组(不限)
2621,中国海洋大学09专业组(化学)
2621,中国海洋大学10专业组(化学或生物)
2621,中国海洋大学11专业组(化学或生物)
2622,青岛理工大学02专业组(不限)
2622,青岛理工大学03专业组(化学)
2622,青岛理工大学04专业组(化学或生物)
2623,青岛科技大学01专业组(不限)
2623,青岛科技大学02专业组(化学)
2623,青岛科技大学03专业组(化学或生物)
2624,青岛大学03专业组(不限)
2624,青岛大学04专业组(化学)
2624,青岛大学05专业组(化学或生物)
2631,山东农业大学02专业组(不限)
2631,山东农业大学03专业组(化学或生物)
2633,山东科技大学02专业组(不限)
2633,山东科技大学03专业组(不限)
2633,山东科技大学04专业组(化学)
2633,山东科技大学05专业组(化学或地理)
2635,潍坊学院03专业组(不限)
2635,潍坊学院04专业组(化学)
2635,潍坊学院05专业组(化学或生物)
2641,中国石油大学(华东)01专业组(不限)
2641,中国石油大学(华东)02专业组(化学)
2641,中国石油大学(华东)03专业组(化学或地理)
2642,聊城大学02专业组(不限)
2643,青岛农业大学03专业组(不限)
2643,青岛农业大学04专业组(化学或生物)
2645,临沂大学02专业组(不限)
2645,临沂大学03专业组(不限)
2645,临沂大学04专业组(化学)
2645,临沂大学05专业组(化学或生物)
2650,滨州学院02专业组(不限)
2651,烟台大学03专业组(不限)
2651,烟台大学05专业组(化学)
2651,烟台大学06专业组(化学或生物)
2652,山东工商学院03专业组(不限)
2653,鲁东大学02专业组(不限)
2661,山东大学威海分校04专业组(不限)
2661,山东大学威海分校05专业组(不限)
2662,哈尔滨工业大学(威海)01专业组(不限)
2662,哈尔滨工业大学(威海)02专业组(不限)
2669,菏泽学院03专业组(不限)
2669,菏泽学院04专业组(化学)
2669,菏泽学院05专业组(化学或生物)
2671,曲阜师范大学02专业组(不限)
2671,曲阜师范大学03专业组(化学)
2671,曲阜师范大学04专业组(化学或地理)
2681,滨州医学院01专业组(化学)
2681,滨州医学院02专业组(化学或生物)
2683,德州学院02专业组(不限)
2691,山东第一医科大学02专业组(不限)
2691,山东第一医科大学03专业组(化学)
2695,济宁医学院01专业组(不限)
2695,济宁医学院02专业组(化学)
2695,济宁医学院03专业组(化学或生物)
2701,山东女子学院02专业组(不限)
2702,济宁学院02专业组(不限)
2706,泰山学院01专业组(不限)
2706,泰山学院02专业组(化学)
2706,泰山学院03专业组(化学或生物)
2710,齐鲁师范学院02专业组(化学)
2711,山东师范大学04专业组(不限)
2711,山东师范大学05专业组(不限)
2711,山东师范大学06专业组(不限)
2711,山东师范大学07专业组(化学)
2711,山东师范大学08专业组(化学或生物)
2711,山东师范大学09专业组(化学或地理)
2713,山东青年政治学院01专业组(不限)
2755,山东石油化工学院02专业组(不限)
3101,北京大学05专业组(不限)
3102,中国人民大学05专业组(不限)
3103,清华大学04专业组(不限)
3103,清华大学05专业组(化学)
3104,北京师范大学03专业组(不限)
3104,北京师范大学04专业组(化学)
3105,北京交通大学02专业组(不限)
3105,北京交通大学03专业组(不限)
3106,北京航空航天大学02专业组(不限)
3107,北京理工大学02专业组(不限)
3107,北京理工大学03专业组(不限)
3107,北京理工大学04专业组(不限)
3108,北京科技大学02专业组(不限)
3108,北京科技大学03专业组(不限)
3108,北京科技大学04专业组(化学)
3109,北京化工大学02专业组(不限)
3109,北京化工大学03专业组(化学)
3110,中国农业大学03专业组(不限)
3110,中国农业大学04专业组(化学)
3110,中国农业大学05专业组(化学或生物)
3111,中国地质大学(北京)01专业组(不限)
3111,中国地质大学(北京)02专业组(化学)
3111,中国地质大学(北京)03专业组(地理)
3112,中国政法大学03专业组(不限)
3113,北京邮电大学01专业组(不限)
3114,北京林业大学02专业组(不限)
3114,北京林业大学03专业组(化学或生物)
3114,北京林业大学04专业组(化学或地理)
3115,北京大学医学部02专业组(不限)
3115,北京大学医学部03专业组(化学)
3116,北京外国语大学06专业组(不限)
3117,北京语言大学05专业组(不限)
3118,中国石油大学(北京)03专业组(不限)
3118,中国石油大学(北京)04专业组(化学)
3118,中国石油大学(北京)05专业组(化学或生物)
3119,对外经济贸易大学04专业组(不限)
3119,对外经济贸易大学05专业组(不限)
3120,中央财经大学02专业组(不限)
3121,北京中医药大学03专业组(不限)
3121,北京中医药大学04专业组(化学或生物)
3122,中国矿业大学(北京)02专业组(不限)
3123,中国传媒大学05专业组(不限)
3123,中国传媒大学06专业组(不限)
3123,中国传媒大学07专业组(不限)
3127,北京体育大学03专业组(不限)
3127,北京体育大学04专业组(化学)
3127,北京体育大学05专业组(生物)
3128,华北电力大学(北京)02专业组(不限)
3128,华北电力大学(北京)03专业组(不限)
3128,华北电力大学(北京)04专业组(化学)
3129,中央民族大学02专业组(不限)
3129,中央民族大学03专业组(不限)
3129,中央民族大学04专业组(化学或生物)
3130,北京协和医学院01专业组(不限)
3132,北京第二外国语学院02专业组(不限)
3133,首都师范大学02专业组(不限)
3134,北京工业大学01专业组(不限)
3135,首都医科大学01专业组(化学)
3135,首都医科大学02专业组(化学)
3136,北京物资学院02专业组(不限)
3137,北京信息科技大学01专业组(不限)
3138,北京服装学院01专业组(化学)
3139,北京印刷学院02专业组(化学)
3140,北京邮电大学(宏福校区)01专业组(不限)
3141,北京石油化工学院01专业组(不限)
3141,北京石油化工学院02专业组(化学或生物)
3142,北京工商大学02专业组(不限)
3142,北京工商大学03专业组(不限)
3142,北京工商大学04专业组(化学)
3144,北京联合大学02专业组(不限)
3145,北京建筑大学01专业组(不限)
3148,北京电影学院02专业组(不限)
3148,北京电影学院03专业组(不限)
3153,华北科技学院02专业组(不限)
3153,华北科技学院03专业组(化学)
3154,首都经济贸易大学02专业组(不限)
3156,中国科学院大学05专业组(不限)
3156,中国科学院大学06专业组(化学)
3169,中国劳动关系学院02专业组(不限)
3201,南开大学03专业组(不限)
3201,南开大学04专业组(化学或生物)
3202,天津大学01专业组(不限)
3202,天津大学02专业组(不限)
3202,天津大学03专业组(化学)
3203,天津医科大学02专业组(化学)
3203,天津医科大学03专业组(化学或生物)
3203,天津医科大学04专业组(化学或生物)
3203,天津医科大学05专业组(化学和生物)
3203,天津医科大学06专业组(化学和生物)
3204,天津师范大学05专业组(不限)
3204,天津师范大学06专业组(化学)
3204,天津师范大学07专业组(化学或生物)
3204,天津师范大学08专业组(化学或地理)
3205,中国民航大学04专业组(不限)
3205,中国民航大学05专业组(化学)
3206,天津工业大学02专业组(不限)
3206,天津工业大学03专业组(化学)
3207,天津商业大学03专业组(不限)
3207,天津商业大学04专业组(不限)
3208,天津科技大学03专业组(不限)
3208,天津科技大学04专业组(不限)
3208,天津科技大学05专业组(不限)
3208,天津科技大学06专业组(不限)
3208,天津科技大学07专业组(化学)
3208,天津科技大学08专业组(化学或生物)
3208,天津科技大学09专业组(化学或生物)
3209,天津财经大学02专业组(不限)
3210,天津城建大学01专业组(不限)
3210,天津城建大学02专业组(不限)
3210,天津城建大学03专业组(化学)
3210,天津城建大学04专业组(化学或地理)
3211,天津外国语大学04专业组(不限)
3211,天津外国语大学05专业组(不限)
3211,天津外国语大学06专业组(思想政治)
3212,天津中医药大学04专业组(不限)
3212,天津中医药大学05专业组(不限)
3212,天津中医药大学06专业组(化学)
3212,天津中医药大学07专业组(化学或生物)
3212,天津中医药大学08专业组(化学或生物)
3212,天津中医药大学09专业组(化学或生物)
3212,天津中医药大学10专业组(化学和生物)
3213,天津农学院02专业组(不限)
3213,天津农学院03专业组(化学或生物)
3214,天津理工大学01专业组(不限)
3214,天津理工大学02专业组(化学)
3217,天津体育学院02专业组(不限)
3218,天津职业技术师范大学02专业组(不限)
3301,石家庄铁道大学02专业组(不限)
3301,石家庄铁道大学03专业组(不限)
3301,石家庄铁道大学04专业组(化学)
3302,河北科技师范学院03专业组(不限)
3302,河北科技师范学院04专业组(不限)
3303,河北建筑工程学院01专业组(不限)
3304,河北科技大学01专业组(不限)
3304,河北科技大学02专业组(不限)
3304,河北科技大学03专业组(化学)
3304,河北科技大学04专业组(化学或生物)
3305,河北地质大学02专业组(不限)
3305,河北地质大学03专业组(化学或地理)
3307,河北工业大学02专业组(不限)
3307,河北工业大学03专业组(不限)
3307,河北工业大学04专业组(化学)
3310,河北经贸大学03专业组(不限)
3310,河北经贸大学04专业组(不限)
3310,河北经贸大学05专业组(化学)
3311,华北电力大学(保定)02专业组(不限)
3311,华北电力大学(保定)03专业组(不限)
3311,华北电力大学(保定)04专业组(化学)
3312,河北大学03专业组(不限)
3312,河北大学04专业组(思想政治)
3313,河北医科大学01专业组(不限)
3313,河北医科大学02专业组(化学)
3313,河北医科大学03专业组(化学或生物)
3313,河北医科大学04专业组(化学和生物)
3314,河北师范大学04专业组(不限)
3314,河北师范大学05专业组(不限)
3314,河北师范大学06专业组(化学)
3315,河北金融学院03专业组(不限)
3315,河北金融学院04专业组(不限)
3315,河北金融学院05专业组(不限)
3315,河北金融学院06专业组(化学)
3318,防灾科技学院02专业组(不限)
3318,防灾科技学院03专业组(不限)
3318,防灾科技学院04专业组(化学)
3320,河北环境工程学院04专业组(不限)
3320,河北环境工程学院05专业组(化学)
3321,燕山大学02专业组(不限)
3321,燕山大学03专业组(不限)
3321,燕山大学04专业组(不限)
3321,燕山大学05专业组(化学)
3321,燕山大学06专业组(化学或生物)
3322,东北大学秦皇岛分校02专业组(不限)
3322,东北大学秦皇岛分校03专业组(不限)
3326,河北水利电力学院01专业组(不限)
3332,华北理工大学05专业组(不限)
3332,华北理工大学06专业组(不限)
3332,华北理工大学07专业组(化学或生物)
3333,衡水学院04专业组(不限)
3333,衡水学院05专业组(不限)
3333,衡水学院06专业组(化学或生物)
3341,北华航天工业学院02专业组(不限)
3348,河北中医学院01专业组(不限)
3348,河北中医学院02专业组(化学)
3348,河北中医学院03专业组(化学或生物)
3349,河北北方学院01专业组(化学)
3349,河北北方学院02专业组(化学或生物)
3350,张家口学院02专业组(不限)
3351,河北工程大学01专业组(不限)
3351,河北工程大学02专业组(不限)
3351,河北工程大学03专业组(化学)
3353,承德医学院01专业组(化学和生物)
3362,邢台学院02专业组(不限)
3365,沧州师范学院02专业组(不限)
3378,河北石油职业技术大学03专业组(不限)
3378,河北石油职业技术大学04专业组(不限)
3379,河北科技工程职业技术大学04专业组(不限)
3380,河北工业职业技术大学02专业组(不限)
3401,山西大学05专业组(不限)
3401,山西大学06专业组(化学)
3401,山西大学07专业组(化学或生物)
3402,中北大学02专业组(不限)
3402,中北大学03专业组(化学)
3403,山西财经大学03专业组(不限)
3403,山西财经大学04专业组(不限)
3404,太原科技大学02专业组(不限)
3405,太原理工大学02专业组(不限)
3405,太原理工大学03专业组(化学)
3405,太原理工大学04专业组(化学或生物)
3406,太原工业学院02专业组(不限)
3406,太原工业学院03专业组(化学)
3406,太原工业学院04专业组(化学或生物)
3407,山西医科大学01专业组(化学和生物)
3408,山西中医药大学04专业组(不限)
3408,山西中医药大学05专业组(化学)
3408,山西中医药大学06专业组(化学或生物)
3410,山西农业大学05专业组(不限)
3410,山西农业大学06专业组(化学)
3410,山西农业大学07专业组(化学或生物)
3410,山西农业大学08专业组(化学和生物)
3410,山西农业大学09专业组(化学或地理)
3410,山西农业大学10专业组(生物或地理)
3412,山西传媒学院02专业组(不限)
3413,忻州师范学院01专业组(不限)
3413,忻州师范学院02专业组(化学)
3413,忻州师范学院03专业组(化学或生物)
3413,忻州师范学院04专业组(化学或地理)
3413,忻州师范学院05专业组(生物)
3413,忻州师范学院06专业组(生物或地理)
3413,忻州师范学院07专业组(思想政治或地理)
3415,山西师范大学04专业组(不限)
3415,山西师范大学05专业组(化学或生物)
3415,山西师范大学06专业组(化学或地理)
3415,山西师范大学07专业组(思想政治)
3416,太原师范学院04专业组(不限)
3416,太原师范学院05专业组(化学)
3416,太原师范学院06专业组(化学或生物)
3416,太原师范学院07专业组(化学或地理)
3417,山西大同大学02专业组(化学和生物)
3418,运城学院03专业组(不限)
3418,运城学院04专业组(化学)
3429,山西工程科技职业大学01专业组(不限)
3431,吕梁学院03专业组(不限)
3431,吕梁学院04专业组(化学或生物)
3431,吕梁学院05专业组(思想政治)
3432,晋中学院02专业组(不限)
3433,山西工程技术学院03专业组(不限)
3439,山西工学院01专业组(不限)
3501,内蒙古大学02专业组(不限)
3501,内蒙古大学03专业组(化学)
3501,内蒙古大学04专业组(化学或生物)
3503,内蒙古农业大学01专业组(不限)
3503,内蒙古农业大学02专业组(化学或生物)
3504,内蒙古工业大学01专业组(不限)
3504,内蒙古工业大学02专业组(化学)
3504,内蒙古工业大学03专业组(化学或生物)
3506,内蒙古民族大学03专业组(化学)
3506,内蒙古民族大学04专业组(化学或生物)
3507,内蒙古财经大学02专业组(不限)
3511,内蒙古科技大学03专业组(不限)
3511,内蒙古科技大学04专业组(化学)
3516,内蒙古医科大学01专业组(化学和生物)
4101,东北大学02专业组(不限)
4101,东北大学03专业组(化学)
4102,辽宁大学06专业组(不限)
4102,辽宁大学07专业组(不限)
4102,辽宁大学08专业组(不限)
4102,辽宁大学09专业组(不限)
4102,辽宁大学10专业组(不限)
4102,辽宁大学11专业组(化学或生物)
4102,辽宁大学12专业组(化学或生物)
4103,中国医科大学01专业组(化学或生物)
4103,中国医科大学02专业组(化学或生物)
4104,沈阳药科大学04专业组(不限)
4104,沈阳药科大学05专业组(化学)
4104,沈阳药科大学06专业组(化学或生物)
4105,沈阳农业大学01专业组(不限)
4105,沈阳农业大学02专业组(化学或生物)
4107,沈阳化工大学01专业组(不限)
4107,沈阳化工大学02专业组(化学)
4107,沈阳化工大学03专业组(化学或生物)
4108,沈阳工业大学02专业组(不限)
4108,沈阳工业大学03专业组(不限)
4108,沈阳工业大学04专业组(化学或生物)
4109,沈阳理工大学02专业组(不限)
4109,沈阳理工大学03专业组(不限)
4109,沈阳理工大学04专业组(化学)
4109,沈阳理工大学05专业组(化学)
4109,沈阳理工大学06专业组(化学或生物)
4110,沈阳航空航天大学01专业组(不限)
4110,沈阳航空航天大学02专业组(化学)
4111,沈阳建筑大学01专业组(不限)
4111,沈阳建筑大学02专业组(生物或地理)
4112,鞍山师范学院02专业组(不限)
4113,沈阳医学院04专业组(不限)
4113,沈阳医学院05专业组(化学)
4113,沈阳医学院06专业组(化学或生物)
4114,辽宁中医药大学04专业组(不限)
4114,辽宁中医药大学05专业组(不限)
4114,辽宁中医药大学06专业组(不限)
4114,辽宁中医药大学07专业组(不限)
4114,辽宁中医药大学08专业组(不限)
4114,辽宁中医药大学09专业组(化学)
4114,辽宁中医药大学10专业组(化学或生物)
4115,辽宁工业大学01专业组(不限)
4115,辽宁工业大学02专业组(不限)
4115,辽宁工业大学03专业组(化学)
4116,沈阳体育学院01专业组(不限)
4117,沈阳师范大学03专业组(不限)
4117,沈阳师范大学04专业组(不限)
4117,沈阳师范大学05专业组(不限)
4117,沈阳师范大学06专业组(不限)
4117,沈阳师范大学07专业组(化学或生物)
4120,沈阳大学01专业组(不限)
4120,沈阳大学02专业组(化学)
4122,沈阳工程学院01专业组(不限)
4126,辽宁师范大学02专业组(不限)
4131,大连理工大学02专业组(不限)
4131,大连理工大学03专业组(不限)
4131,大连理工大学04专业组(化学)
4132,大连海事大学03专业组(不限)
4132,大连海事大学04专业组(不限)
4133,东北财经大学04专业组(不限)
4133,东北财经大学05专业组(不限)
4133,东北财经大学06专业组(不限)
4134,大连医科大学01专业组(化学)
4135,大连外国语大学03专业组(不限)
4135,大连外国语大学04专业组(思想政治)
4136,大连大学02专业组(不限)
4136,大连大学03专业组(化学)
4137,大连海洋大学01专业组(不限)
4138,大连工业大学01专业组(不限)
4138,大连工业大学02专业组(不限)
4138,大连工业大学03专业组(不限)
4138,大连工业大学04专业组(化学)
4138,大连工业大学05专业组(化学)
4138,大连工业大学06专业组(化学)
4138,大连工业大学07专业组(化学)
4138,大连工业大学08专业组(化学或生物)
4139,大连交通大学02专业组(不限)
4139,大连交通大学03专业组(化学)
4140,大连民族大学02专业组(不限)
4141,锦州医科大学01专业组(化学)
4141,锦州医科大学02专业组(化学或生物)
4141,锦州医科大学03专业组(生物)
4152,渤海大学02专业组(不限)
4152,渤海大学03专业组(不限)
4161,辽宁工程技术大学02专业组(不限)
4162,大连理工大学(盘锦校区)02专业组(不限)
4162,大连理工大学(盘锦校区)03专业组(化学)
4171,辽宁科技大学01专业组(不限)
4171,辽宁科技大学02专业组(不限)
4181,辽宁石油化工大学01专业组(不限)
4181,辽宁石油化工大学02专业组(化学)
4181,辽宁石油化工大学03专业组(化学或生物)
4192,辽宁科技学院01专业组(不限)
4192,辽宁科技学院02专业组(化学或生物)
4201,吉林大学06专业组(不限)
4201,吉林大学07专业组(化学)
4201,吉林大学08专业组(化学)
4201,吉林大学09专业组(化学或生物)
4201,吉林大学10专业组(化学和生物)
4201,吉林大学11专业组(思想政治)
4202,东北师范大学03专业组(不限)
4202,东北师范大学04专业组(不限)
4202,东北师范大学05专业组(化学)
4202,东北师范大学06专业组(化学或生物)
4203,吉林农业大学02专业组(不限)
4203,吉林农业大学03专业组(化学)
4203,吉林农业大学04专业组(化学或生物)
4203,吉林农业大学05专业组(化学或生物)
4203,吉林农业大学06专业组(化学或生物)
4203,吉林农业大学07专业组(化学和生物)
4204,长春大学03专业组(不限)
4204,长春大学04专业组(不限)
4204,长春大学05专业组(不限)
4204,长春大学06专业组(化学或生物)
4205,长春工业大学01专业组(不限)
4205,长春工业大学02专业组(不限)
4205,长春工业大学03专业组(不限)
4205,长春工业大学04专业组(不限)
4205,长春工业大学05专业组(化学)
4205,长春工业大学06专业组(化学)
4205,长春工业大学07专业组(化学或生物)
4205,长春工业大学08专业组(化学或生物)
4205,长春工业大学09专业组(化学或生物)
4206,吉林财经大学03专业组(不限)
4206,吉林财经大学04专业组(不限)
4207,长春师范大学04专业组(不限)
4207,长春师范大学05专业组(化学)
4207,长春师范大学06专业组(化学或生物)
4208,长春理工大学01专业组(不限)
4208,长春理工大学02专业组(不限)
4208,长春理工大学03专业组(不限)
4208,长春理工大学04专业组(化学)
4208,长春理工大学05专业组(化学或生物)
4209,长春工程学院02专业组(不限)
4210,吉林建筑大学03专业组(不限)
4210,吉林建筑大学04专业组(不限)
4210,吉林建筑大学05专业组(不限)
4210,吉林建筑大学06专业组(化学)
4210,吉林建筑大学07专业组(化学)
4210,吉林建筑大学08专业组(化学或地理)
4212,吉林工程技术师范学院02专业组(不限)
4212,吉林工程技术师范学院03专业组(不限)
4212,吉林工程技术师范学院04专业组(不限)
4214,长春中医药大学01专业组(化学或生物)
4215,吉林师范大学05专业组(不限)
4215,吉林师范大学06专业组(化学)
4220,吉林警察学院03专业组(不限)
4225,吉林农业科技学院02专业组(不限)
4225,吉林农业科技学院03专业组(不限)
4225,吉林农业科技学院04专业组(不限)
4228,吉林医药学院02专业组(不限)
4228,吉林医药学院03专业组(化学)
4228,吉林医药学院04专业组(化学或生物)
4228,吉林医药学院05专业组(化学或生物)
4228,吉林医药学院06专业组(化学和生物)
4231,东北电力大学02专业组(不限)
4231,东北电力大学03专业组(不限)
4231,东北电力大学04专业组(不限)
4231,东北电力大学05专业组(化学)
4232,北华大学03专业组(不限)
4232,北华大学04专业组(化学)
4232,北华大学05专业组(化学或生物)
4233,通化师范学院02专业组(不限)
4233,通化师范学院03专业组(不限)
4233,通化师范学院04专业组(不限)
4233,通化师范学院05专业组(化学)
4233,通化师范学院06专业组(化学或地理)
4235,吉林化工学院03专业组(不限)
4235,吉林化工学院04专业组(化学)
4235,吉林化工学院05专业组(化学或生物)
4237,吉林工商学院02专业组(不限)
4237,吉林工商学院03专业组(不限)
4241,白城师范学院05专业组(不限)
4241,白城师范学院06专业组(化学或生物)
4241,白城师范学院07专业组(化学或地理)
4301,哈尔滨工业大学01专业组(不限)
4301,哈尔滨工业大学02专业组(不限)
4301,哈尔滨工业大学03专业组(不限)
4302,哈尔滨工程大学02专业组(不限)
4302,哈尔滨工程大学03专业组(不限)
4303,东北林业大学02专业组(不限)
4303,东北林业大学03专业组(不限)
4303,东北林业大学04专业组(化学或生物)
4304,东北农业大学02专业组(不限)
4304,东北农业大学03专业组(化学)
4304,东北农业大学04专业组(化学或生物)
4305,黑龙江中医药大学01专业组(不限)
4305,黑龙江中医药大学02专业组(化学或生物)
4306,黑龙江工程学院03专业组(不限)
4306,黑龙江工程学院04专业组(化学)
4306,黑龙江工程学院05专业组(化学或地理)
4307,哈尔滨商业大学02专业组(不限)
4307,哈尔滨商业大学03专业组(化学)
4307,哈尔滨商业大学04专业组(化学或生物)
4308,哈尔滨理工大学01专业组(不限)
4308,哈尔滨理工大学02专业组(化学)
4308,哈尔滨理工大学03专业组(化学或生物)
4309,哈尔滨医科大学03专业组(不限)
4309,哈尔滨医科大学04专业组(化学)
4309,哈尔滨医科大学05专业组(化学和生物)
4309,哈尔滨医科大学06专业组(化学和生物)
4309,哈尔滨医科大学07专业组(化学和生物)
4310,黑龙江科技大学03专业组(不限)
4310,黑龙江科技大学04专业组(化学)
4311,黑龙江大学06专业组(不限)
4311,黑龙江大学07专业组(化学)
4312,哈尔滨师范大学02专业组(不限)
4312,哈尔滨师范大学03专业组(化学或生物)
4312,哈尔滨师范大学04专业组(化学或地理)
4314,牡丹江师范学院03专业组(不限)
4314,牡丹江师范学院04专业组(化学)
4314,牡丹江师范学院05专业组(化学或生物)
4315,哈尔滨金融学院02专业组(不限)
4321,东北石油大学01专业组(不限)
4321,东北石油大学02专业组(化学)
4321,东北石油大学03专业组(化学或生物)
4323,哈尔滨学院03专业组(不限)
4323,哈尔滨学院04专业组(不限)
4323,哈尔滨学院05专业组(化学)
4324,大庆师范学院01专业组(不限)
4324,大庆师范学院02专业组(化学)
4324,大庆师范学院03专业组(化学或生物)
4331,齐齐哈尔医学院01专业组(化学或生物)
4332,齐齐哈尔大学03专业组(不限)
4332,齐齐哈尔大学04专业组(化学)
4332,齐齐哈尔大学05专业组(化学或地理)
4341,黑龙江工业学院01专业组(不限)
4351,佳木斯大学01专业组(化学)
4351,佳木斯大学02专业组(化学或生物)
4351,佳木斯大学03专业组(化学和生物)
4352,黑龙江八一农垦大学01专业组(不限)
4352,黑龙江八一农垦大学02专业组(不限)
4352,黑龙江八一农垦大学03专业组(化学)
4352,黑龙江八一农垦大学04专业组(化学或生物)
4352,黑龙江八一农垦大学05专业组(化学或生物)
4371,延边大学02专业组(不限)
4371,延边大学03专业组(不限)
4371,延边大学04专业组(化学)
4371,延边大学05专业组(化学或生物)
4381,牡丹江医学院01专业组(化学)
4381,牡丹江医学院02专业组(化学或生物)
4381,牡丹江医学院03专业组(化学和生物)
5101,郑州大学02专业组(不限)
5101,郑州大学03专业组(化学)
5101,郑州大学04专业组(化学或生物)
5102,华北水利水电大学01专业组(不限)
5102,华北水利水电大学02专业组(化学)
5103,中原工学院02专业组(不限)
5103,中原工学院03专业组(不限)
5103,中原工学院04专业组(化学)
5104,河南工业大学03专业组(不限)
5104,河南工业大学04专业组(不限)
5104,河南工业大学05专业组(不限)
5104,河南工业大学06专业组(化学)
5104,河南工业大学07专业组(化学)
5104,河南工业大学08专业组(化学和生物)
5104,河南工业大学09专业组(化学和生物)
5105,郑州航空工业管理学院02专业组(不限)
5105,郑州航空工业管理学院03专业组(化学)
5105,郑州航空工业管理学院04专业组(化学)
5106,郑州轻工业大学02专业组(不限)
5106,郑州轻工业大学03专业组(不限)
5106,郑州轻工业大学04专业组(化学)
5106,郑州轻工业大学05专业组(化学或生物)
5110,河南科技学院02专业组(不限)
5110,河南科技学院03专业组(化学)
5114,河南中医药大学02专业组(不限)
5114,河南中医药大学03专业组(化学或生物)
5117,河南农业大学02专业组(不限)
5117,河南农业大学03专业组(化学)
5117,河南农业大学04专业组(化学或生物)
5117,河南农业大学05专业组(化学或生物)
5118,信阳师范学院03专业组(不限)
5118,信阳师范学院04专业组(化学)
5119,河南财经政法大学04专业组(不限)
5119,河南财经政法大学05专业组(不限)
5119,河南财经政法大学06专业组(化学或地理)
5122,河南工程学院02专业组(不限)
5122,河南工程学院03专业组(不限)
5122,河南工程学院04专业组(化学)
5122,河南工程学院05专业组(地理)
5125,周口师范学院04专业组(不限)
5125,周口师范学院05专业组(化学)
5125,周口师范学院06专业组(化学或生物)
5131,洛阳理工学院02专业组(不限)
5131,洛阳理工学院03专业组(化学)
5132,河南科技大学02专业组(不限)
5132,河南科技大学03专业组(化学)
5132,河南科技大学04专业组(化学或地理)
5133,洛阳师范学院02专业组(不限)
5133,洛阳师范学院03专业组(化学)
5134,平顶山学院02专业组(不限)
5141,河南大学05专业组(不限)
5141,河南大学06专业组(化学)
5141,河南大学07专业组(化学或生物)
5141,河南大学08专业组(化学或地理)
5151,河南理工大学02专业组(不限)
5151,河南理工大学03专业组(化学)
5151,河南理工大学04专业组(地理)
5153,河南师范大学05专业组(不限)
5153,河南师范大学06专业组(化学)
5153,河南师范大学07专业组(化学或生物)
5161,安阳工学院03专业组(不限)
5161,安阳工学院04专业组(化学)
5161,安阳工学院05专业组(化学)
5161,安阳工学院06专业组(化学)
5161,安阳工学院07专业组(化学)
5162,安阳师范学院02专业组(不限)
5162,安阳师范学院03专业组(化学)
5162,安阳师范学院04专业组(化学或生物)
5171,河南工学院01专业组(不限)
5172,郑州工程技术学院03专业组(不限)
5172,郑州工程技术学院04专业组(化学)
5172,郑州工程技术学院05专业组(化学和生物)
5172,郑州工程技术学院06专业组(化学或地理)
5173,新乡学院03专业组(不限)
5173,新乡学院04专业组(化学)
5173,新乡学院05专业组(化学或生物)
5174,许昌学院02专业组(不限)
5174,许昌学院03专业组(化学或地理)
5181,南阳师范学院04专业组(不限)
5181,南阳师范学院05专业组(不限)
5181,南阳师范学院06专业组(化学)
5181,南阳师范学院07专业组(化学或生物)
5181,南阳师范学院08专业组(化学或地理)
5182,南阳理工学院03专业组(不限)
5182,南阳理工学院04专业组(不限)
5182,南阳理工学院05专业组(不限)
5182,南阳理工学院06专业组(化学)
5182,南阳理工学院07专业组(化学和生物)
5182,南阳理工学院08专业组(化学或地理)
5191,黄淮学院02专业组(不限)
5191,黄淮学院03专业组(不限)
5192,新乡医学院01专业组(化学或生物)
5193,河南城建学院02专业组(不限)
5193,河南城建学院03专业组(化学或地理)
5198,商丘师范学院03专业组(不限)
5198,商丘师范学院04专业组(化学)
5198,商丘师范学院05专业组(化学或生物)
5198,商丘师范学院06专业组(生物)
5201,武汉大学03专业组(不限)
5201,武汉大学04专业组(不限)
5201,武汉大学05专业组(化学)
5201,武汉大学06专业组(化学或生物)
5202,华中科技大学02专业组(不限)
5202,华中科技大学03专业组(化学或生物)
5203,华中师范大学03专业组(不限)
5203,华中师范大学04专业组(化学)
5203,华中师范大学05专业组(化学或生物)
5203,华中师范大学06专业组(地理)
5204,华中农业大学02专业组(不限)
5204,华中农业大学03专业组(化学)
5204,华中农业大学04专业组(化学或生物)
5204,华中农业大学05专业组(化学或地理)
5205,中国地质大学(武汉)03专业组(不限)
5205,中国地质大学(武汉)04专业组(化学)
5205,中国地质大学(武汉)05专业组(化学)
5206,中南财经政法大学06专业组(不限)
5206,中南财经政法大学07专业组(不限)
5207,武汉理工大学03专业组(不限)
5207,武汉理工大学04专业组(不限)
5207,武汉理工大学05专业组(化学)
5207,武汉理工大学06专业组(化学或生物)
5208,中南民族大学03专业组(不限)
5208,中南民族大学04专业组(化学或生物)
5209,湖北大学02专业组(不限)
5211,湖北中医药大学03专业组(不限)
5211,湖北中医药大学04专业组(化学)
5211,湖北中医药大学05专业组(化学或生物)
5212,武汉纺织大学02专业组(不限)
5212,武汉纺织大学03专业组(化学)
5213,武汉体育学院02专业组(不限)
5213,武汉体育学院03专业组(化学)
5213,武汉体育学院04专业组(生物)
5215,武汉工程大学02专业组(不限)
5215,武汉工程大学03专业组(化学或生物)
5215,武汉工程大学04专业组(化学或生物)
5216,武汉轻工大学02专业组(不限)
5216,武汉轻工大学03专业组(化学)
5216,武汉轻工大学04专业组(化学或生物)
5217,武汉科技大学01专业组(不限)
5217,武汉科技大学02专业组(化学)
5218,江汉大学01专业组(不限)
5219,湖北工业大学01专业组(不限)
5219,湖北工业大学02专业组(不限)
5220,湖北第二师范学院03专业组(不限)
5220,湖北第二师范学院04专业组(不限)
5220,湖北第二师范学院05专业组(不限)
5221,湖北经济学院02专业组(不限)
5225,汉江师范学院02专业组(不限)
5243,长江大学02专业组(不限)
5243,长江大学03专业组(化学)
5243,长江大学04专业组(化学或生物)
5251,三峡大学02专业组(不限)
5251,三峡大学03专业组(不限)
5251,三峡大学04专业组(化学)
5251,三峡大学05专业组(化学或生物)
5255,湖北汽车工业学院01专业组(不限)
5255,湖北汽车工业学院02专业组(不限)
5256,湖北医药学院01专业组(化学或生物)
5261,湖北师范大学03专业组(不限)
5261,湖北师范大学04专业组(不限)
5261,湖北师范大学05专业组(化学)
5261,湖北师范大学06专业组(化学或生物)
5261,湖北师范大学07专业组(化学或地理)
5265,湖北理工学院02专业组(不限)
5265,湖北理工学院03专业组(化学)
5271,湖北警官学院02专业组(不限)
5285,荆楚理工学院02专业组(不限)
5285,荆楚理工学院03专业组(不限)
5287,湖北科技学院02专业组(不限)
5287,湖北科技学院03专业组(化学或生物)
5290,湖北文理学院02专业组(不限)
5295,湖北工程学院02专业组(不限)
5295,湖北工程学院03专业组(化学)
5295,湖北工程学院04专业组(化学或生物)
5301,湖南大学04专业组(不限)
5301,湖南大学05专业组(不限)（边防军人子女预科班）
5301,湖南大学06专业组(化学)
5301,湖南大学07专业组(化学或生物)
5302,中南大学02专业组(不限)
5302,中南大学03专业组(不限)
5302,中南大学04专业组(化学)
5302,中南大学05专业组(化学和生物)
5302,中南大学06专业组(化学和生物)
5303,湖南师范大学04专业组(不限)
5303,湖南师范大学05专业组(化学)
5303,湖南师范大学06专业组(化学或生物)
5303,湖南师范大学07专业组(化学或地理)
5304,湖南中医药大学01专业组(不限)
5304,湖南中医药大学02专业组(化学)
5304,湖南中医药大学03专业组(化学或生物)
5305,湖南农业大学03专业组(不限)
5305,湖南农业大学04专业组(化学)
5305,湖南农业大学05专业组(化学或生物)
5306,湖南工商大学03专业组(不限)
5306,湖南工商大学04专业组(化学或地理)
5307,长沙理工大学03专业组(不限)
5307,长沙理工大学04专业组(不限)
5307,长沙理工大学05专业组(不限)
5307,长沙理工大学06专业组(不限)
5307,长沙理工大学07专业组(不限)
5307,长沙理工大学08专业组(不限)
5307,长沙理工大学09专业组(不限)
5308,长沙学院02专业组(不限)
5308,长沙学院03专业组(不限)
5308,长沙学院04专业组(化学)
5308,长沙学院05专业组(化学或生物)
5310,湖南人文科技学院03专业组(不限)
5310,湖南人文科技学院04专业组(不限)
5310,湖南人文科技学院05专业组(化学)
5310,湖南人文科技学院06专业组(化学或生物)
5320,湖南财政经济学院02专业组(不限)
5321,湖南科技大学03专业组(不限)
5321,湖南科技大学04专业组(化学或生物)
5321,湖南科技大学05专业组(化学或地理)
5321,湖南科技大学06专业组(思想政治)
5322,湖南工程学院02专业组(不限)
5322,湖南工程学院03专业组(化学)
5323,湘潭大学02专业组(不限)
5327,湖南工学院04专业组(不限)
5327,湖南工学院05专业组(化学)
5327,湖南工学院06专业组(化学或生物)
5331,中南林业科技大学02专业组(不限)
5331,中南林业科技大学03专业组(化学或生物)
5332,湖南工业大学02专业组(不限)
5332,湖南工业大学03专业组(不限)
5332,湖南工业大学04专业组(不限)
5332,湖南工业大学05专业组(化学)
5332,湖南工业大学06专业组(化学或生物)
5341,南华大学02专业组(不限)
5341,南华大学03专业组(不限)
5341,南华大学04专业组(化学或生物)
5342,衡阳师范学院03专业组(不限)
5342,衡阳师范学院04专业组(化学)
5342,衡阳师范学院05专业组(化学或地理)
5343,湖南文理学院04专业组(不限)
5343,湖南文理学院05专业组(化学或生物)
5348,湖南医药学院01专业组(化学)
5348,湖南医药学院02专业组(化学或生物)
5349,湖南第一师范学院03专业组(不限)
5351,湖南理工学院02专业组(不限)
5351,湖南理工学院03专业组(化学)
5355,湖南城市学院04专业组(不限)
5355,湖南城市学院05专业组(化学)
5355,湖南城市学院06专业组(思想政治)
5355,湖南城市学院07专业组(地理)
5361,吉首大学02专业组(不限)
5361,吉首大学03专业组(化学)
5361,吉首大学04专业组(化学或生物)
5371,邵阳学院03专业组(不限)
5371,邵阳学院04专业组(不限)
5371,邵阳学院05专业组(化学)
5371,邵阳学院06专业组(化学或生物)
5371,邵阳学院07专业组(化学和生物)
5380,长沙师范学院02专业组(不限)
5380,长沙师范学院03专业组(化学)
5381,湘南学院03专业组(不限)
5381,湘南学院04专业组(化学)
5381,湘南学院05专业组(化学或生物)
5385,怀化学院04专业组(不限)
5385,怀化学院05专业组(不限)
5385,怀化学院06专业组(不限)
5385,怀化学院07专业组(化学)
5385,怀化学院08专业组(化学或生物)
5391,湖南科技学院03专业组(不限)
5391,湖南科技学院04专业组(化学)
5391,湖南科技学院05专业组(化学或生物)
5401,中山大学04专业组(不限)
5401,中山大学05专业组(化学)
5402,华南理工大学05专业组(不限)
5402,华南理工大学06专业组(化学)
5402,华南理工大学07专业组(化学或生物)
5403,华南农业大学01专业组(不限)
5404,广东外语外贸大学03专业组(不限)
5405,广东医科大学01专业组(化学)
5405,广东医科大学02专业组(化学或生物)
5406,广东药科大学01专业组(化学或生物)
5407,暨南大学05专业组(不限)
5407,暨南大学06专业组(不限)
5407,暨南大学07专业组(不限)
5407,暨南大学08专业组(化学)
5407,暨南大学09专业组(化学或生物)
5408,广州美术学院02专业组(不限)
5411,广州航海学院01专业组(化学)
5412,广东金融学院02专业组(不限)
5413,华南师范大学02专业组(不限)
5413,华南师范大学03专业组(化学)
5414,广东财经大学02专业组(不限)
5418,哈尔滨工业大学(深圳)02专业组(不限)
5419,广州大学01专业组(不限)
5420,广州中医药大学02专业组(化学)
5420,广州中医药大学03专业组(化学或生物)
5420,广州中医药大学04专业组(化学或生物)
5421,汕头大学02专业组(不限)
5421,汕头大学03专业组(化学或生物)
5422,南方医科大学02专业组(化学或生物)
5427,东莞理工学院01专业组(不限)
5431,广东海洋大学03专业组(不限)
5431,广东海洋大学04专业组(不限)
5431,广东海洋大学05专业组(不限)
5431,广东海洋大学06专业组(不限)
5431,广东海洋大学07专业组(化学)
5431,广东海洋大学08专业组(化学)
5431,广东海洋大学09专业组(化学或生物)
5431,广东海洋大学10专业组(化学或生物)
5431,广东海洋大学11专业组(化学和生物)
5437,韶关学院02专业组(不限)
5438,广东以色列理工学院01专业组(不限)
5438,广东以色列理工学院02专业组(化学或生物)
5441,广东石油化工学院01专业组(不限)
5451,深圳大学02专业组(不限)
5451,深圳大学03专业组(化学或生物)
5461,北京师范大学-香港浸会大学联合国际学院02专业组(不限)
5478,广东工业大学02专业组(不限)
5479,深圳技术大学02专业组(不限)
5480,深圳北理莫斯科大学06专业组(不限)
5501,广西大学01专业组(不限)
5502,广西中医药大学04专业组(不限)
5502,广西中医药大学05专业组(不限)
5502,广西中医药大学06专业组(化学)
5502,广西中医药大学07专业组(化学或生物)
5502,广西中医药大学08专业组(化学或生物)
5502,广西中医药大学09专业组(生物)
5504,南宁师范大学03专业组(不限)
5504,南宁师范大学04专业组(化学或生物)
5505,玉林师范学院03专业组(不限)
5505,玉林师范学院04专业组(化学)
5505,玉林师范学院05专业组(化学或生物)
5505,玉林师范学院06专业组(生物)
5507,北部湾大学02专业组(不限)
5507,北部湾大学03专业组(不限)
5507,北部湾大学04专业组(不限)
5507,北部湾大学05专业组(化学或生物)
5507,北部湾大学06专业组(化学或地理)
5508,广西医科大学01专业组(不限)
5510,桂林医学院02专业组(化学)
5510,桂林医学院03专业组(化学或生物)
5511,广西师范大学03专业组(不限)
5511,广西师范大学04专业组(化学)
5511,广西师范大学05专业组(化学或生物)
5511,广西师范大学06专业组(化学或地理)
5512,桂林理工大学03专业组(不限)
5512,桂林理工大学04专业组(不限)
5512,桂林理工大学05专业组(化学)
5513,桂林电子科技大学02专业组(不限)
5513,桂林电子科技大学04专业组(化学)
5513,桂林电子科技大学05专业组(化学或生物)
5517,右江民族医学院02专业组(不限)
5517,右江民族医学院03专业组(化学)
5517,右江民族医学院04专业组(化学)
5517,右江民族医学院05专业组(化学或生物)
5517,右江民族医学院06专业组(化学或生物)
5517,右江民族医学院07专业组(化学和生物)
5518,广西民族师范学院02专业组(不限)
5518,广西民族师范学院03专业组(化学)
5518,广西民族师范学院04专业组(生物)
5519,贺州学院02专业组(不限)
5521,桂林航天工业学院02专业组(不限)
5522,桂林旅游学院04专业组(不限)
5522,桂林旅游学院05专业组(不限)
5522,桂林旅游学院06专业组(化学或地理)
5527,广西科技师范学院03专业组(不限)
5527,广西科技师范学院04专业组(化学)
5527,广西科技师范学院05专业组(化学或生物)
5531,广西科技大学02专业组(不限)
5531,广西科技大学03专业组(不限)
5531,广西科技大学04专业组(化学)
5531,广西科技大学05专业组(化学或生物)
5531,广西科技大学06专业组(化学和生物)
5532,广西民族大学05专业组(不限)
5532,广西民族大学06专业组(不限)
5532,广西民族大学07专业组(化学)
5561,梧州学院03专业组(不限)
5601,海南大学06专业组(不限)
5601,海南大学07专业组(化学)
5601,海南大学08专业组(化学或生物)
5601,海南大学09专业组(化学和生物)
5602,海南师范大学03专业组(不限)
5602,海南师范大学04专业组(不限)
5602,海南师范大学05专业组(化学)
5603,海南医学院03专业组(化学)
5603,海南医学院04专业组(化学)
5603,海南医学院05专业组(化学)
5603,海南医学院06专业组(化学或生物)
5603,海南医学院07专业组(化学或生物)
5603,海南医学院08专业组(化学或生物)
5604,海南热带海洋学院05专业组(不限)
5604,海南热带海洋学院06专业组(不限)
5604,海南热带海洋学院07专业组(不限)
5604,海南热带海洋学院08专业组(化学或生物)
5619,琼台师范学院03专业组(不限)
5619,琼台师范学院04专业组(化学或生物)
6101,四川大学05专业组(不限)
6101,四川大学06专业组(不限)
6101,四川大学07专业组(不限)
6101,四川大学08专业组(化学)
6101,四川大学09专业组(化学)
6101,四川大学10专业组(化学或生物)
6101,四川大学11专业组(化学或生物)
6102,西南交通大学03专业组(不限)
6102,西南交通大学04专业组(不限)
6102,西南交通大学05专业组(不限)
6102,西南交通大学06专业组(化学)
6102,西南交通大学07专业组(化学或生物)
6102,西南交通大学08专业组(化学或生物)
6102,西南交通大学09专业组(思想政治)
6103,西南财经大学02专业组(不限)
6103,西南财经大学03专业组(不限)
6104,电子科技大学01专业组(不限)
6105,西南民族大学02专业组(不限)
6106,成都理工大学02专业组(不限)
6106,成都理工大学03专业组(不限)
6106,成都理工大学04专业组(化学)
6106,成都理工大学05专业组(化学或生物)
6107,成都信息工程大学02专业组(不限)
6108,成都体育学院03专业组(不限)
6108,成都体育学院04专业组(化学)
6109,四川音乐学院02专业组(不限)
6110,西华大学03专业组(不限)
6110,西华大学04专业组(化学)
6110,西华大学05专业组(化学或生物)
6110,西华大学06专业组(化学或生物)
6111,成都中医药大学01专业组(化学)
6111,成都中医药大学02专业组(化学或生物)
6112,电子科技大学(沙河校区)01专业组(不限)
6112,电子科技大学(沙河校区)02专业组(不限)
6113,四川农业大学01专业组(不限)
6113,四川农业大学02专业组(化学或生物)
6113,四川农业大学03专业组(生物或地理)
6114,成都大学03专业组(不限)
6114,成都大学04专业组(不限)
6114,成都大学05专业组(化学)
6114,成都大学06专业组(化学或生物)
6115,四川轻化工大学02专业组(不限)
6115,四川轻化工大学03专业组(化学)
6115,四川轻化工大学04专业组(化学或生物)
6116,成都医学院01专业组(化学)
6116,成都医学院02专业组(化学或生物)
6117,西昌学院02专业组(不限)
6120,四川警察学院02专业组(思想政治)
6129,成都师范学院03专业组(不限)
6129,成都师范学院04专业组(化学或地理)
6131,西南科技大学02专业组(不限)
6131,西南科技大学03专业组(化学)
6131,西南科技大学04专业组(化学或生物)
6140,四川师范大学03专业组(不限)
6140,四川师范大学04专业组(化学)
6140,四川师范大学05专业组(化学或生物)
6141,西南石油大学01专业组(不限)
6141,西南石油大学02专业组(化学)
6142,西华师范大学02专业组(不限)
6142,西华师范大学03专业组(化学或生物)
6143,西南医科大学01专业组(化学)
6144,绵阳师范学院02专业组(不限)
6144,绵阳师范学院03专业组(化学或生物)
6151,乐山师范学院02专业组(不限)
6151,乐山师范学院03专业组(化学或生物)
6161,川北医学院02专业组(不限)
6161,川北医学院03专业组(化学或生物)
6161,川北医学院04专业组(化学或生物)
6181,宜宾学院02专业组(化学或生物)
6187,攀枝花学院02专业组(不限)
6201,重庆大学02专业组(不限)
6201,重庆大学03专业组(不限)
6202,西南大学04专业组(不限)
6202,西南大学05专业组(化学)
6202,西南大学06专业组(化学或生物)
6202,西南大学07专业组(化学或地理)
6203,西南政法大学03专业组(不限)
6203,西南政法大学04专业组(不限)
6205,重庆医科大学02专业组(化学)
6205,重庆医科大学03专业组(化学)
6205,重庆医科大学04专业组(化学)
6205,重庆医科大学05专业组(化学或生物)
6206,重庆工商大学04专业组(不限)
6206,重庆工商大学05专业组(不限)
6206,重庆工商大学06专业组(思想政治或地理)
6207,重庆交通大学02专业组(不限)
6207,重庆交通大学03专业组(化学)
6208,重庆理工大学02专业组(不限)
6209,重庆邮电大学02专业组(不限)
6209,重庆邮电大学03专业组(不限)
6210,重庆师范大学04专业组(不限)
6210,重庆师范大学05专业组(化学)
6210,重庆师范大学06专业组(化学或生物)
6210,重庆师范大学07专业组(化学或地理)
6210,重庆师范大学08专业组(思想政治)
6211,四川美术学院02专业组(不限)
6212,四川外国语大学08专业组(不限)
6212,四川外国语大学09专业组(不限)
6212,四川外国语大学10专业组(不限)
6212,四川外国语大学11专业组(不限)
6212,四川外国语大学12专业组(思想政治)
6213,重庆三峡学院02专业组(不限)
6213,重庆三峡学院03专业组(化学或生物)
6214,长江师范学院02专业组(不限)
6215,重庆文理学院02专业组(不限)
6215,重庆文理学院03专业组(化学)
6215,重庆文理学院04专业组(化学或生物)
6215,重庆文理学院05专业组(生物或地理)
6221,重庆科技学院02专业组(不限)
6301,贵州大学02专业组(不限)
6302,贵州中医药大学02专业组(不限)
6302,贵州中医药大学03专业组(化学)
6302,贵州中医药大学04专业组(化学或生物)
6302,贵州中医药大学05专业组(化学或生物)
6303,贵州医科大学02专业组(化学或生物)
6304,贵州财经大学03专业组(不限)
6304,贵州财经大学04专业组(不限)
6305,贵州民族大学01专业组(不限)
6306,贵州师范大学02专业组(化学)
6306,贵州师范大学03专业组(化学或生物)
6306,贵州师范大学04专业组(思想政治)
6308,安顺学院04专业组(不限)
6308,安顺学院05专业组(化学)
6308,安顺学院06专业组(地理)
6309,贵阳学院01专业组(不限)
6309,贵阳学院02专业组(化学)
6310,黔南民族师范学院02专业组(不限)
6310,黔南民族师范学院03专业组(化学)
6314,遵义医科大学01专业组(化学或生物)
6315,贵州工程应用技术学院02专业组(不限)
6316,贵州商学院03专业组(不限)
6316,贵州商学院04专业组(不限)
6317,遵义师范学院01专业组(不限)
6319,贵州理工学院02专业组(不限)
6319,贵州理工学院03专业组(化学)
6319,贵州理工学院04专业组(化学和生物)
6320,六盘水师范学院02专业组(不限)
6320,六盘水师范学院03专业组(化学)
6320,六盘水师范学院04专业组(化学和生物)
6323,贵州警察学院02专业组(思想政治)
6324,贵阳康养职业大学02专业组(化学)
6324,贵阳康养职业大学03专业组(化学和生物)
6401,云南大学02专业组(不限)
6401,云南大学03专业组(化学)
6401,云南大学04专业组(化学或生物)
6401,云南大学05专业组(化学和生物)
6402,云南师范大学04专业组(不限)
6402,云南师范大学05专业组(化学)
6404,昆明理工大学02专业组(不限)
6404,昆明理工大学03专业组(化学)
6404,昆明理工大学04专业组(化学或生物)
6404,昆明理工大学05专业组(思想政治和地理)
6405,云南农业大学04专业组(不限)
6405,云南农业大学05专业组(不限)
6405,云南农业大学06专业组(化学或生物)
6406,昆明医科大学01专业组(不限)
6406,昆明医科大学02专业组(化学)
6406,昆明医科大学03专业组(化学或生物)
6406,昆明医科大学04专业组(化学和生物)
6407,玉溪师范学院02专业组(不限)
6407,玉溪师范学院03专业组(不限)
6408,云南财经大学02专业组(不限)
6409,楚雄师范学院02专业组(不限)
6410,昆明学院03专业组(不限)
6410,昆明学院04专业组(化学)
6410,昆明学院05专业组(化学或生物)
6410,昆明学院06专业组(化学和生物)
6411,大理大学05专业组(不限)
6411,大理大学06专业组(化学)
6411,大理大学07专业组(化学或生物)
6411,大理大学08专业组(化学或生物)
6413,红河学院02专业组(不限)
6413,红河学院03专业组(化学)
6413,红河学院04专业组(化学或生物)
6414,云南民族大学02专业组(不限)
6415,西南林业大学01专业组(不限)
6415,西南林业大学02专业组(化学)
6415,西南林业大学03专业组(化学或生物)
6415,西南林业大学04专业组(化学和生物)
6415,西南林业大学05专业组(生物)
6415,西南林业大学06专业组(生物和地理)
6415,西南林业大学07专业组(思想政治或地理)
6417,曲靖师范学院02专业组(不限)
6417,曲靖师范学院03专业组(化学)
6419,普洱学院02专业组(不限)
6420,文山学院02专业组(地理)
6421,云南警官学院02专业组(不限)
7101,西北大学05专业组(不限)
7101,西北大学06专业组(不限)
7101,西北大学07专业组(不限)
7101,西北大学08专业组(不限)
7101,西北大学09专业组(化学)
7101,西北大学10专业组(化学)
7101,西北大学11专业组(化学或生物)
7101,西北大学12专业组(化学或地理)
7102,西北工业大学02专业组(不限)
7102,西北工业大学03专业组(不限)
7102,西北工业大学04专业组(化学或生物)
7103,陕西师范大学03专业组(不限)
7103,陕西师范大学04专业组(化学)
7103,陕西师范大学05专业组(化学或生物)
7103,陕西师范大学06专业组(生物)
7103,陕西师范大学07专业组(地理)
7104,西安交通大学03专业组(不限)
7104,西安交通大学04专业组(不限)
7104,西安交通大学05专业组(化学)
7104,西安交通大学06专业组(化学或生物)
7105,西安电子科技大学01专业组(不限)
7107,长安大学02专业组(不限)
7107,长安大学03专业组(化学)
7107,长安大学04专业组(化学或地理)
7108,西安建筑科技大学01专业组(不限)
7108,西安建筑科技大学02专业组(不限)
7108,西安建筑科技大学03专业组(化学)
7108,西安建筑科技大学04专业组(化学)
7110,西安工程大学03专业组(不限)
7110,西安工程大学04专业组(化学)
7110,西安工程大学05专业组(化学或生物)
7111,西安财经大学02专业组(不限)
7111,西安财经大学03专业组(不限)
7112,西安理工大学01专业组(不限)
7113,西安石油大学02专业组(不限)
7113,西安石油大学03专业组(化学)
7114,西安医学院02专业组(化学和生物)
7115,西安工业大学02专业组(不限)
7116,西安邮电大学03专业组(不限)
7117,西安外国语大学04专业组(不限)
7118,西安科技大学01专业组(不限)
7118,西安科技大学02专业组(化学或地理)
7122,西安文理学院02专业组(不限)
7122,西安文理学院03专业组(化学)
7122,西安文理学院04专业组(化学或生物)
7131,西安航空学院01专业组(不限)
7131,西安航空学院02专业组(不限)
7138,陕西中医药大学02专业组(化学)
7138,陕西中医药大学03专业组(化学或生物)
7140,渭南师范学院03专业组(不限)
7141,西北农林科技大学03专业组(不限)
7141,西北农林科技大学04专业组(化学)
7141,西北农林科技大学05专业组(化学或生物)
7141,西北农林科技大学06专业组(化学或生物)
7141,西北农林科技大学07专业组(化学或地理)
7142,延安大学04专业组(不限)
7142,延安大学05专业组(不限)
7142,延安大学06专业组(化学或生物)
7150,陕西学前师范学院03专业组(不限)
7150,陕西学前师范学院04专业组(化学)
7150,陕西学前师范学院05专业组(生物)
7151,陕西科技大学02专业组(不限)
7151,陕西科技大学03专业组(不限)
7151,陕西科技大学04专业组(化学)
7162,宝鸡文理学院02专业组(不限)
7166,商洛学院01专业组(不限)
7166,商洛学院02专业组(不限)
7167,陕西理工大学04专业组(不限)
7167,陕西理工大学05专业组(不限)
7167,陕西理工大学06专业组(化学)
7167,陕西理工大学07专业组(化学)
7167,陕西理工大学08专业组(化学或生物)
7167,陕西理工大学09专业组(化学或地理)
7201,兰州大学06专业组(不限)
7201,兰州大学07专业组(化学)
7201,兰州大学08专业组(化学或生物)
7202,兰州理工大学03专业组(不限)
7202,兰州理工大学04专业组(不限)
7202,兰州理工大学05专业组(化学)
7202,兰州理工大学06专业组(化学)
7202,兰州理工大学07专业组(化学或生物)
7202,兰州理工大学08专业组(生物)
7203,兰州财经大学02专业组(不限)
7204,兰州交通大学02专业组(不限)
7204,兰州交通大学03专业组(化学)
7204,兰州交通大学04专业组(生物)
7205,西北民族大学03专业组(不限)
7205,西北民族大学04专业组(化学)
7205,西北民族大学05专业组(化学或生物)
7206,甘肃农业大学02专业组(不限)
7206,甘肃农业大学03专业组(化学或生物)
7207,甘肃政法大学03专业组(不限)
7211,陇东学院02专业组(不限)
7211,陇东学院03专业组(化学或生物)
7211,陇东学院04专业组(化学和生物)
7214,西北师范大学02专业组(不限)
7216,天水师范学院02专业组(不限)
7216,天水师范学院03专业组(化学)
7217,兰州工业学院01专业组(不限)
7217,兰州工业学院02专业组(化学)
7218,兰州城市学院03专业组(不限)
7218,兰州城市学院04专业组(化学)
7218,兰州城市学院05专业组(地理)
7219,兰州文理学院02专业组(不限)
7220,甘肃医学院01专业组(化学)
7220,甘肃医学院02专业组(化学或生物)
7222,兰州石化职业技术大学02专业组(化学)
7301,青海大学01专业组(不限)
7301,青海大学02专业组(化学)
7301,青海大学03专业组(化学或生物)
7302,青海民族大学02专业组(不限)
7302,青海民族大学03专业组(化学或生物)
7302,青海民族大学04专业组(思想政治或地理)
7302,青海民族大学05专业组(思想政治或地理)
7303,青海师范大学02专业组(化学)
7401,北方民族大学02专业组(不限)
7401,北方民族大学03专业组(不限)
7401,北方民族大学04专业组(不限)
7401,北方民族大学05专业组(化学)
7401,北方民族大学06专业组(化学或生物)
7402,宁夏大学02专业组(不限)
7402,宁夏大学03专业组(化学)
7402,宁夏大学04专业组(化学或生物)
7403,宁夏医科大学01专业组(化学)
7403,宁夏医科大学02专业组(化学或生物)
7501,新疆大学02专业组(不限)
7501,新疆大学03专业组(化学)
7501,新疆大学04专业组(地理)
7502,新疆师范大学03专业组(不限)
7502,新疆师范大学04专业组(化学)
7502,新疆师范大学05专业组(化学或生物)
7502,新疆师范大学06专业组(化学或地理)
7502,新疆师范大学07专业组(生物)
7503,新疆农业大学03专业组(不限)
7503,新疆农业大学04专业组(不限)
7503,新疆农业大学05专业组(不限)
7503,新疆农业大学06专业组(化学或生物)
7504,中国石油大学(北京)克拉玛依校区01专业组(不限)
7504,中国石油大学(北京)克拉玛依校区02专业组(化学或生物)
7505,新疆财经大学02专业组(不限)
7507,昌吉学院02专业组(不限)
7509,新疆工程学院01专业组(不限)
7509,新疆工程学院02专业组(化学)
7511,石河子大学02专业组(不限)
7511,石河子大学03专业组(化学)
7511,石河子大学04专业组(化学或生物)
7512,新疆科技学院02专业组(不限)
7512,新疆科技学院03专业组(化学)
7513,新疆理工学院02专业组(不限)
7513,新疆理工学院03专业组(不限)
7513,新疆理工学院04专业组(化学或生物)
7521,伊犁师范大学03专业组(不限)
7521,伊犁师范大学04专业组(化学)
7521,伊犁师范大学05专业组(化学或生物)
7521,伊犁师范大学06专业组(化学或地理)
7526,塔里木大学01专业组(不限)
7526,塔里木大学02专业组(化学)
7527,新疆医科大学01专业组(化学)
7527,新疆医科大学02专业组(化学或生物)
7527,新疆医科大学03专业组(化学和生物)
7529,喀什大学04专业组(不限)
7529,喀什大学05专业组(化学)
7529,喀什大学06专业组(化学或生物)
7529,喀什大学07专业组(思想政治或地理)
8001,上海杉达学院03专业组(不限)
8001,上海杉达学院04专业组(化学)
8001,上海杉达学院05专业组(化学或生物)
8002,上海建桥学院03专业组(不限)
8003,上海兴伟学院02专业组(不限)
8004,上海视觉艺术学院02专业组(不限)
8005,上海外国语大学贤达经济人文学院02专业组(不限)
8006,上海师范大学天华学院02专业组(不限)
8023,上海立达学院03专业组(不限)
8029,上海中侨职业技术大学03专业组(不限)
8030,浙江万里学院02专业组(不限)
8030,浙江万里学院03专业组(化学或生物)
8031,浙江树人学院02专业组(不限)
8031,浙江树人学院03专业组(化学)
8031,浙江树人学院04专业组(化学或生物)
8032,浙江越秀外国语学院03专业组(不限)
8032,浙江越秀外国语学院04专业组(不限)
8033,宁波财经学院02专业组(不限)
8036,浙江工业大学之江学院02专业组(不限)
8037,浙江师范大学行知学院02专业组(不限)
8037,浙江师范大学行知学院03专业组(化学)
8037,浙江师范大学行知学院04专业组(化学或生物)
8038,宁波大学科学技术学院02专业组(不限)
8038,宁波大学科学技术学院03专业组(化学)
8038,宁波大学科学技术学院04专业组(化学或生物)
8039,杭州电子科技大学信息工程学院01专业组(不限)
8040,浙江理工大学科技与艺术学院01专业组(不限)
8040,浙江理工大学科技与艺术学院02专业组(化学)
8042,浙江农林大学暨阳学院02专业组(不限)
8043,温州医科大学仁济学院01专业组(不限)
8046,绍兴文理学院元培学院02专业组(不限)
8048,浙江工商大学杭州商学院02专业组(不限)
8050,中国计量大学现代科技学院01专业组(不限)
8051,浙江财经大学东方学院02专业组(不限)
8052,温州商学院03专业组(不限)
8054,上海财经大学浙江学院02专业组(不限)
8077,浙江广厦建设职业技术大学02专业组(不限)
8080,安徽三联学院02专业组(不限)
8081,安徽新华学院02专业组(不限)
8082,安徽文达信息工程学院02专业组(不限)
8083,安徽外国语学院02专业组(不限)
8084,蚌埠工商学院02专业组(不限)
8085,安徽大学江淮学院02专业组(不限)
8086,安徽信息工程学院01专业组(不限)
8087,马鞍山学院02专业组(不限)
8088,合肥城市学院02专业组(不限)
8088,合肥城市学院03专业组(化学)
8091,安徽医科大学临床医学院01专业组(不限)
8094,皖江工学院03专业组(不限)
8094,皖江工学院04专业组(化学)
8094,皖江工学院05专业组(化学或生物)
8120,厦门华厦学院02专业组(不限)
8121,闽南理工学院02专业组(不限)
8122,闽南科技学院01专业组(不限)
8124,厦门工学院02专业组(不限)
8125,阳光学院03专业组(不限)
8125,阳光学院04专业组(不限)
8126,厦门大学嘉庚学院02专业组(不限)
8127,福州大学至诚学院02专业组(不限)
8127,福州大学至诚学院03专业组(化学)
8128,集美大学诚毅学院02专业组(不限)
8130,福州外语外贸学院02专业组(不限)
8132,仰恩大学02专业组(不限)
8133,泉州信息工程学院01专业组(不限)
8170,江西科技学院03专业组(不限)
8172,南昌理工学院02专业组(不限)
8173,江西应用科技学院03专业组(不限)
8174,江西服装学院02专业组(不限)
8174,江西服装学院03专业组(化学)
8175,南昌工学院03专业组(不限)
8175,南昌工学院04专业组(化学)
8176,南昌大学科学技术学院02专业组(不限)
8177,南昌大学共青学院02专业组(不限)
8178,南昌交通学院03专业组(不限)
8178,南昌交通学院04专业组(化学)
8180,南昌航空大学科技学院02专业组(不限)
8183,江西农业大学南昌商学院02专业组(不限)
8185,江西师范大学科学技术学院02专业组(不限)
8186,景德镇艺术职业大学02专业组(不限)
8187,南昌应用技术师范学院02专业组(不限)
8188,江西财经大学现代经济管理学院02专业组(不限)
8210,齐鲁医药学院02专业组(不限)
8211,青岛滨海学院02专业组(不限)
8212,烟台南山学院03专业组(不限)
8213,潍坊科技学院02专业组(不限)
8214,山东英才学院02专业组(不限)
8215,青岛恒星科技学院03专业组(不限)
8216,青岛黄海学院03专业组(不限)
8217,山东现代学院04专业组(不限)
8218,山东协和学院02专业组(不限)
8219,烟台理工学院02专业组(不限)
8220,青岛城市学院02专业组(不限)
8223,泰山科技学院03专业组(不限)
8225,青岛工学院03专业组(不限)
8226,青岛农业大学海都学院03专业组(不限)
8226,青岛农业大学海都学院04专业组(化学或生物)
8227,齐鲁理工学院03专业组(不限)
8228,山东财经大学东方学院02专业组(不限)
8230,烟台科技学院02专业组(不限)
8249,山东工程职业技术大学03专业组(不限)
8260,北京城市学院02专业组(不限)
8260,北京城市学院03专业组(化学或地理)
8262,首都师范大学科德学院02专业组(不限)
8263,北京工商大学嘉华学院02专业组(不限)
8264,北京邮电大学世纪学院02专业组(不限)
8265,北京工业大学耿丹学院02专业组(不限)
8266,北京第二外国语学院中瑞酒店管理学院02专业组(不限)
8290,天津天狮学院03专业组(不限)
8291,天津外国语大学滨海外事学院03专业组(不限)
8293,天津商业大学宝德学院02专业组(不限)
8294,天津医科大学临床医学院02专业组(不限)
8297,天津理工大学中环信息学院02专业组(不限)
8298,北京科技大学天津学院02专业组(不限)
8299,天津仁爱学院02专业组(不限)
8301,天津财经大学珠江学院02专业组(不限)
8313,河北科技学院02专业组(不限)
8314,河北外国语学院02专业组(不限)
8316,华北理工大学轻工学院02专业组(不限)
8318,河北经贸大学经济管理学院02专业组(不限)
8320,河北工程大学科信学院02专业组(不限)
8320,河北工程大学科信学院03专业组(化学)
8320,河北工程大学科信学院04专业组(化学或生物)
8323,石家庄铁道大学四方学院02专业组(不限)
8323,石家庄铁道大学四方学院03专业组(化学)
8324,河北地质大学华信学院02专业组(不限)
8326,保定理工学院03专业组(不限)
8326,保定理工学院04专业组(不限)
8327,燕京理工学院02专业组(不限)
8328,北京中医药大学东方学院02专业组(不限)
8329,沧州交通学院02专业组(不限)
8330,河北东方学院02专业组(不限)
8360,山西应用科技学院02专业组(不限)
8363,晋中信息学院03专业组(不限)
8364,山西晋中理工学院02专业组(不限)
8365,山西科技学院02专业组(不限)
8366,山西工商学院02专业组(不限)
8366,山西工商学院03专业组(思想政治或地理)
8379,运城职业技术大学02专业组(不限)
8401,辽宁对外经贸学院02专业组(不限)
8402,大连理工大学城市学院02专业组(不限)
8404,沈阳工学院02专业组(不限)
8405,大连工业大学艺术与信息工程学院02专业组(不限)
8406,大连科技学院02专业组(不限)
8407,沈阳城市建设学院02专业组(不限)
8408,大连医科大学中山学院02专业组(不限)
8411,大连财经学院02专业组(不限)
8412,沈阳城市学院02专业组(不限)
8416,大连东软信息学院03专业组(不限)
8417,辽宁师范大学海华学院02专业组(不限)
8440,吉林外国语大学03专业组(不限)
8440,吉林外国语大学04专业组(不限)
8441,长春光华学院02专业组(不限)
8442,长春工业大学人文信息学院02专业组(不限)
8443,长春电子科技学院02专业组(不限)
8444,长春财经学院02专业组(不限)
8445,吉林建筑科技学院03专业组(不限)
8445,吉林建筑科技学院04专业组(化学)
8446,长春建筑学院02专业组(不限)
8447,长春科技学院02专业组(不限)
8447,长春科技学院03专业组(化学或生物)
8448,吉林动画学院02专业组(不限)
8449,吉林师范大学博达学院02专业组(不限)
8450,长春大学旅游学院02专业组(不限)
8451,长春人文学院02专业组(不限)
8470,黑龙江东方学院02专业组(不限)
8472,黑龙江财经学院02专业组(不限)
8473,哈尔滨石油学院02专业组(不限)
8474,哈尔滨广厦学院02专业组(不限)
8475,哈尔滨华德学院02专业组(不限)
8483,黑龙江工商学院02专业组(不限)
8501,黄河科技学院02专业组(不限)
8504,郑州财经学院02专业组(不限)
8505,商丘工学院01专业组(不限)
8508,郑州工商学院02专业组(不限)
8510,郑州商学院02专业组(不限)
8518,郑州西亚斯学院02专业组(不限)
8550,武汉东湖学院03专业组(不限)
8552,武昌首义学院03专业组(不限)
8553,武昌理工学院02专业组(不限)
8554,武汉生物工程学院03专业组(不限)
8554,武汉生物工程学院04专业组(化学或生物)
8555,武汉晴川学院02专业组(不限)
8556,湖北大学知行学院02专业组(不限)
8556,湖北大学知行学院03专业组(化学)
8556,湖北大学知行学院04专业组(化学或生物)
8557,武汉城市学院02专业组(不限)
8557,武汉城市学院03专业组(化学)
8558,三峡大学科技学院02专业组(不限)
8559,湖北工业大学工程技术学院02专业组(不限)
8559,湖北工业大学工程技术学院03专业组(化学)
8559,湖北工业大学工程技术学院04专业组(生物)
8560,武汉工程大学邮电与信息工程学院02专业组(不限)
8560,武汉工程大学邮电与信息工程学院03专业组(化学)
8561,武汉纺织大学外经贸学院03专业组(不限)
8562,武昌工学院02专业组(不限)
8563,武汉工商学院02专业组(不限)
8565,长江大学文理学院02专业组(不限)
8567,湖北汽车工业学院科技学院02专业组(不限)
8568,湖北医药学院药护学院01专业组(不限)
8570,湖北经济学院法商学院02专业组(不限)
8571,武汉体育学院体育科技学院02专业组(不限)
8572,湖北文理学院理工学院02专业组(不限)
8573,文华学院02专业组(不限)
8574,武汉工程科技学院03专业组(不限)
8575,武汉华夏理工学院02专业组(不限)
8576,武汉传媒学院02专业组(不限)
8577,武汉设计工程学院02专业组(不限)
8601,长沙医学院02专业组(不限)
8602,湖南涉外经济学院02专业组(不限)
8603,湘潭大学兴湘学院02专业组(不限)
8603,湘潭大学兴湘学院03专业组(化学)
8604,湖南工业大学科技学院02专业组(不限)
8604,湖南工业大学科技学院03专业组(化学)
8605,湖南科技大学潇湘学院02专业组(不限)
8606,南华大学船山学院02专业组(不限)
8607,湘潭理工学院02专业组(不限)
8607,湘潭理工学院03专业组(地理)
8608,湖南农业大学东方科技学院01专业组(化学或生物)
8609,湖南文理学院芙蓉学院02专业组(不限)
8610,湖南理工学院南湖学院02专业组(不限)
8612,湖南工程学院应用技术学院01专业组(不限)
8614,长沙理工大学城南学院02专业组(不限)
8640,广东白云学院02专业组(不限)
8640,广东白云学院03专业组(化学)
8641,电子科技大学中山学院02专业组(不限)
8641,电子科技大学中山学院03专业组(化学)
8641,电子科技大学中山学院04专业组(化学或生物)
8642,广东东软学院02专业组(不限)
8643,广州城市理工学院02专业组(不限)
8643,广州城市理工学院03专业组(化学)
8644,广州软件学院02专业组(不限)
8645,广州南方学院02专业组(不限)
8645,广州南方学院03专业组(不限)
8646,广东外语外贸大学南国商学院02专业组(不限)
8649,北京理工大学珠海学院02专业组(不限)
8650,珠海科技学院02专业组(不限)
8651,广州工商学院02专业组(不限)
8652,东莞城市学院02专业组(不限)
8661,广州华立学院02专业组(不限)
8665,广州新华学院02专业组(不限)
8710,南宁学院02专业组(不限)
8713,柳州工学院02专业组(不限)
8713,柳州工学院03专业组(化学)
8714,桂林学院02专业组(不限)
8715,广西中医药大学赛恩斯新医药学院03专业组(不限)
8715,广西中医药大学赛恩斯新医药学院04专业组(化学或生物)
8716,桂林信息科技学院02专业组(不限)
8718,广西外国语学院03专业组(不限)
8740,海口经济学院03专业组(不限)
8741,三亚学院05专业组(不限)
8741,三亚学院06专业组(不限)
8741,三亚学院07专业组(不限)
8741,三亚学院08专业组(不限)
8741,三亚学院09专业组(不限)
8757,海南科技职业大学05专业组(不限)
8757,海南科技职业大学06专业组(化学和生物)
8760,成都东软学院03专业组(不限)
8761,电子科技大学成都学院02专业组(不限)
8762,成都理工大学工程技术学院02专业组(不限)
8764,成都银杏酒店管理学院03专业组(不限)
8767,四川外国语大学成都学院02专业组(不限)
8769,成都锦城学院02专业组(不限)
8770,西南财经大学天府学院03专业组(不限)
8771,四川大学锦江学院03专业组(不限)
8774,西南交通大学希望学院02专业组(化学)
8781,吉利学院02专业组(不限)
8801,重庆城市科技学院02专业组(不限)
8802,重庆外语外事学院02专业组(不限)
8803,重庆对外经贸学院04专业组(不限)
8803,重庆对外经贸学院05专业组(化学或地理)
8803,重庆对外经贸学院06专业组(思想政治)
8804,重庆财经学院02专业组(不限)
8805,重庆工商大学派斯学院03专业组(不限)
8805,重庆工商大学派斯学院04专业组(化学或地理)
8806,重庆移通学院02专业组(不限)
8806,重庆移通学院03专业组(不限)
8808,重庆人文科技学院02专业组(不限)
8841,贵阳人文科技学院02专业组(不限)
8848,茅台学院01专业组(化学或生物)
8849,贵阳信息科技学院01专业组(不限)
8870,云南大学滇池学院02专业组(不限)
8871,丽江文化旅游学院03专业组(不限)
8875,昆明文理学院02专业组(不限)
8876,昆明理工大学津桥学院02专业组(不限)
8876,昆明理工大学津桥学院03专业组(化学)
8878,云南经济管理学院03专业组(不限)
8901,西安培华学院02专业组(不限)
8902,西安欧亚学院02专业组(不限)
8902,西安欧亚学院03专业组(不限)
8903,西安外事学院03专业组(不限)
8905,西京学院02专业组(不限)
8906,西安思源学院02专业组(不限)
8907,陕西国际商贸学院03专业组(不限)
8910,西安交通大学城市学院02专业组(不限)
8911,西北大学现代学院02专业组(不限)
8912,西安建筑科技大学华清学院02专业组(不限)
8913,西安财经大学行知学院02专业组(不限)
8914,西安工商学院03专业组(不限)
8915,延安大学西安创新学院02专业组(不限)
8916,西安明德理工学院02专业组(不限)
8918,西安科技大学高新学院02专业组(不限)
8940,兰州工商学院02专业组(不限)
8941,兰州博文科技学院03专业组(不限)
8942,兰州信息科技学院01专业组(不限)
8970,宁夏理工学院02专业组(不限)
8970,宁夏理工学院03专业组(化学)
8971,宁夏大学新华学院02专业组(不限)
8972,银川能源学院02专业组(不限)
0306,中国民用航空飞行学院02专业组(不限)
0306,中国民用航空飞行学院03专业组(思想政治)
1101,南京大学03专业组(不限)
1102,东南大学02专业组(不限)
1103,南京航空航天大学01专业组(不限)
1103,南京航空航天大学02专业组(思想政治)
1104,南京理工大学01专业组(不限)
1105,河海大学01专业组(不限)
1105,河海大学02专业组(不限)
1105,河海大学03专业组(思想政治)
1106,南京信息工程大学02专业组(不限)
1106,南京信息工程大学03专业组(不限)
1107,南京农业大学01专业组(不限)
1108,南京师范大学04专业组(不限)
1108,南京师范大学05专业组(不限)
1108,南京师范大学06专业组(不限)
1108,南京师范大学07专业组(不限)
1108,南京师范大学08专业组(不限)
1108,南京师范大学09专业组(化学或地理)
1108,南京师范大学10专业组(思想政治)
1109,中国药科大学01专业组(不限)
1110,南京工业大学02专业组(不限)
1110,南京工业大学03专业组(不限)
1111,南京邮电大学02专业组(不限)
1112,南京医科大学01专业组(不限)
1113,南京中医药大学03专业组(不限)
1113,南京中医药大学04专业组(不限)
1113,南京中医药大学05专业组(化学或生物)
1113,南京中医药大学06专业组(化学或生物)
1113,南京中医药大学07专业组(化学或生物)
1114,南京工程学院01专业组(不限)
1114,南京工程学院02专业组(不限)
1115,南京林业大学01专业组(不限)
1115,南京林业大学02专业组(不限)
1116,南京财经大学01专业组(不限)
1116,南京财经大学02专业组(不限)
1116,南京财经大学03专业组(不限)
1117,南京体育学院01专业组(不限)
1117,南京体育学院02专业组(不限)
1118,南京艺术学院01专业组(不限)
1119,南京审计大学01专业组(不限)
1119,南京审计大学02专业组(不限)
1119,南京审计大学03专业组(不限)
1119,南京审计大学04专业组(不限)
1119,南京审计大学05专业组(不限)
1119,南京审计大学06专业组(不限)
1120,南京晓庄学院04专业组(不限)
1120,南京晓庄学院05专业组(不限)
1120,南京晓庄学院06专业组(化学或地理)
1120,南京晓庄学院07专业组(思想政治)
1122,江苏警官学院03专业组(不限)
1128,金陵科技学院01专业组(不限)
1128,金陵科技学院02专业组(不限)
1131,江苏第二师范学院04专业组(不限)
1131,江苏第二师范学院05专业组(化学或地理)
1131,江苏第二师范学院06专业组(思想政治)
1133,南京特殊教育师范学院02专业组(不限)
1136,南京工业职业技术大学01专业组(不限)
1136,南京工业职业技术大学02专业组(不限)
1136,南京工业职业技术大学03专业组(思想政治或地理)
1201,江南大学01专业组(不限)
1201,江南大学02专业组(不限)
1201,江南大学03专业组(不限)
1201,江南大学04专业组(思想政治)
1203,无锡学院01专业组(不限)
1221,中国矿业大学01专业组(不限)
1222,江苏师范大学03专业组(不限)
1222,江苏师范大学04专业组(不限)
1222,江苏师范大学05专业组(化学或地理)
1222,江苏师范大学06专业组(思想政治)
1223,徐州医科大学01专业组(不限)
1223,徐州医科大学02专业组(不限)
1224,徐州工程学院01专业组(不限)
1242,常州大学01专业组(不限)
1243,常州工学院01专业组(不限)
1243,常州工学院02专业组(不限)
1243,常州工学院03专业组(不限)
1243,常州工学院04专业组(化学)
1244,江苏理工学院01专业组(不限)
1244,江苏理工学院02专业组(不限)
1244,江苏理工学院03专业组(不限)
1261,苏州大学03专业组(不限)
1261,苏州大学04专业组(不限)
1261,苏州大学05专业组(不限)
1261,苏州大学06专业组(不限)
1261,苏州大学07专业组(生物)
1261,苏州大学08专业组(思想政治)
1262,苏州科技大学01专业组(不限)
1262,苏州科技大学02专业组(不限)
1262,苏州科技大学03专业组(化学或地理)
1262,苏州科技大学04专业组(思想政治)
1263,常熟理工学院01专业组(不限)
1263,常熟理工学院02专业组(不限)
1263,常熟理工学院03专业组(不限)
1265,中国人民大学(苏州校区)01专业组(不限)
1267,苏州城市学院01专业组(不限)
1267,苏州城市学院02专业组(不限)
1267,苏州城市学院03专业组(不限)
1301,南通大学02专业组(不限)
1301,南通大学03专业组(不限)
1301,南通大学04专业组(不限)
1301,南通大学05专业组(思想政治)
1321,江苏海洋大学01专业组(不限)
1321,江苏海洋大学02专业组(化学或地理)
1341,淮阴师范学院03专业组(不限)
1341,淮阴师范学院04专业组(化学或地理)
1341,淮阴师范学院05专业组(思想政治)
1342,淮阴工学院01专业组(不限)
1342,淮阴工学院02专业组(化学或生物)
1361,盐城工学院01专业组(不限)
1362,盐城师范学院03专业组(不限)
1362,盐城师范学院04专业组(不限)
1362,盐城师范学院05专业组(化学或地理)
1362,盐城师范学院06专业组(思想政治)
1381,扬州大学05专业组(不限)
1381,扬州大学06专业组(不限)
1381,扬州大学07专业组(不限)
1381,扬州大学08专业组(不限)
1381,扬州大学09专业组(思想政治)
1401,江苏大学01专业组(不限)
1401,江苏大学02专业组(不限)
1401,江苏大学03专业组(不限)
1401,江苏大学04专业组(不限)
1401,江苏大学05专业组(不限)
1401,江苏大学06专业组(不限)
1401,江苏大学07专业组(思想政治)
1402,江苏科技大学01专业组(不限)
1402,江苏科技大学02专业组(不限)
1402,江苏科技大学03专业组(不限)
1402,江苏科技大学04专业组(不限)
1402,江苏科技大学05专业组(不限)
1402,江苏科技大学06专业组(不限)
1402,江苏科技大学07专业组(不限)
1402,江苏科技大学08专业组(思想政治)
1421,泰州学院01专业组(不限)
1421,泰州学院02专业组(不限)
1426,宿迁学院01专业组(不限)
1426,宿迁学院02专业组(思想政治)
1802,东南大学成贤学院01专业组(不限)
1802,东南大学成贤学院02专业组(不限)
1802,东南大学成贤学院03专业组(化学)
1803,南京航空航天大学金城学院01专业组(不限)
1803,南京航空航天大学金城学院02专业组(不限)
1804,南京理工大学紫金学院01专业组(不限)
1807,南京审计大学金审学院01专业组(不限)
1810,南京工业大学浦江学院01专业组(不限)
1810,南京工业大学浦江学院02专业组(不限)
1816,南京财经大学红山学院01专业组(不限)
1826,中国矿业大学徐海学院01专业组(不限)
1827,江苏师范大学科文学院01专业组(不限)
1834,苏州大学应用技术学院01专业组(不限)
1834,苏州大学应用技术学院02专业组(化学)
1835,苏州科技大学天平学院01专业组(不限)
1835,苏州科技大学天平学院02专业组(化学或地理)
1837,江苏科技大学苏州理工学院01专业组(不限)
1838,南通大学杏林学院01专业组(不限)
1844,扬州大学广陵学院01专业组(不限)
1845,江苏大学京江学院01专业组(不限)
1846,南京医科大学康达学院01专业组(不限)
1847,南京师范大学泰州学院01专业组(不限)
1848,南京理工大学泰州科技学院01专业组(不限)
1850,南京邮电大学通达学院01专业组(不限)
1855,常州大学怀德学院01专业组(不限)
1858,南京师范大学中北学院01专业组(不限)
1858,南京师范大学中北学院02专业组(化学)
1901,南京传媒学院01专业组(不限)
1911,三江学院01专业组(不限)
1915,无锡太湖学院01专业组(不限)
1921,西交利物浦大学01专业组(不限)
1921,西交利物浦大学02专业组(思想政治)
1928,南通理工学院01专业组(不限)
1928,南通理工学院02专业组(化学)
2101,复旦大学03专业组(不限)
2101,复旦大学04专业组(不限)
2102,同济大学01专业组(不限)
2102,同济大学02专业组(思想政治)
2103,上海交通大学01专业组(不限)
2104,华东理工大学01专业组(不限)
2105,东华大学01专业组(不限)
2106,华东师范大学01专业组(不限)
2106,华东师范大学02专业组(化学或地理)
2106,华东师范大学03专业组(思想政治)
2107,华东政法大学01专业组(不限)
2109,上海外国语大学01专业组(不限)
2109,上海外国语大学02专业组(思想政治)
2110,上海财经大学01专业组(不限)
2111,上海师范大学01专业组(不限)
2111,上海师范大学02专业组(不限)
2111,上海师范大学03专业组(化学或生物)
2112,上海大学01专业组(不限)
2114,上海对外经贸大学01专业组(不限)
2114,上海对外经贸大学02专业组(不限)
2115,上海理工大学01专业组(不限)
2115,上海理工大学02专业组(不限)
2116,上海海洋大学01专业组(不限)
2117,上海海事大学01专业组(不限)
2118,上海电力大学01专业组(不限)
2119,上海体育学院01专业组(不限)
2120,上海工程技术大学01专业组(不限)
2124,上海第二工业大学01专业组(不限)
2125,上海政法学院01专业组(不限)
2136,上海电机学院01专业组(不限)
2137,上海立信会计金融学院01专业组(不限)
2141,上海商学院01专业组(不限)
2141,上海商学院02专业组(不限)
2201,浙江大学01专业组(不限)
2202,中国计量大学01专业组(不限)
2203,浙江理工大学01专业组(不限)
2204,浙江工业大学01专业组(不限)
2205,中国美术学院01专业组(不限)
2206,浙江师范大学01专业组(不限)
2207,浙江工商大学01专业组(不限)
2209,杭州师范大学01专业组(不限)
2209,杭州师范大学02专业组(不限)
2211,浙江传媒学院01专业组(不限)
2211,浙江传媒学院02专业组(不限)
2212,浙江科技学院01专业组(不限)
2213,浙江财经大学01专业组(不限)
2213,浙江财经大学02专业组(不限)
2214,浙江农林大学01专业组(不限)
2216,浙江中医药大学01专业组(不限)
2216,浙江中医药大学02专业组(化学或生物)
2221,宁波大学01专业组(不限)
2223,绍兴文理学院01专业组(不限)
2228,温州大学01专业组(不限)
2231,嘉兴学院01专业组(不限)
2240,浙江外国语学院01专业组(不限)
2245,宁波诺丁汉大学01专业组(不限)
2245,宁波诺丁汉大学02专业组(思想政治)
2248,温州肯恩大学01专业组(不限)
2249,浙大城市学院01专业组(不限)
2250,浙大宁波理工学院01专业组(不限)
2251,浙江海洋大学01专业组(不限)
2261,湖州师范学院01专业组(不限)
2268,丽水学院01专业组(不限)
2268,丽水学院02专业组(思想政治)
2272,浙江水利水电学院01专业组(不限)
2275,湖州学院01专业组(不限)
2302,合肥工业大学01专业组(不限)
2302,合肥工业大学02专业组(思想政治)
2303,安徽大学01专业组(不限)
2304,安徽医科大学01专业组(化学或生物)
2304,安徽医科大学02专业组(化学和生物)
2305,安徽建筑大学01专业组(不限)
2306,安徽农业大学01专业组(不限)
2306,安徽农业大学02专业组(化学或生物)
2307,安徽中医药大学01专业组(不限)
2309,安徽师范大学02专业组(不限)
2309,安徽师范大学03专业组(思想政治)
2321,安徽财经大学01专业组(不限)
2321,安徽财经大学02专业组(不限)
2327,合肥学院01专业组(不限)
2331,阜阳师范大学01专业组(不限)
2331,阜阳师范大学02专业组(不限)
2332,蚌埠医学院01专业组(不限)
2332,蚌埠医学院02专业组(化学)
2342,宿州学院01专业组(不限)
2342,宿州学院02专业组(化学或地理)
2343,安庆师范大学01专业组(不限)
2348,池州学院01专业组(不限)
2351,淮北师范大学01专业组(不限)
2351,淮北师范大学02专业组(思想政治)
2351,淮北师范大学03专业组(思想政治或地理)
2351,淮北师范大学04专业组(地理)
2356,铜陵学院01专业组(不限)
2361,安徽工业大学01专业组(不限)
2362,淮南师范学院01专业组(不限)
2362,淮南师范学院02专业组(思想政治)
2372,滁州学院01专业组(不限)
2372,滁州学院02专业组(化学或地理)
2381,黄山学院01专业组(思想政治或地理)
2381,黄山学院02专业组(思想政治或地理)
2381,黄山学院03专业组(思想政治和地理)
2383,合肥工业大学(宣城校区)01专业组(不限)
2401,福州大学01专业组(不限)
2402,福建农林大学01专业组(不限)
2410,三明学院01专业组(不限)
2411,厦门大学01专业组(不限)
2411,厦门大学02专业组(不限)
2411,厦门大学03专业组(不限)（马来西亚分校）
2412,集美大学01专业组(不限)
2413,厦门理工学院01专业组(不限)
2421,莆田学院01专业组(不限)
2421,莆田学院02专业组(不限)
2422,华侨大学01专业组(不限)
2422,华侨大学02专业组(思想政治)
2422,华侨大学03专业组(思想政治或地理)
2437,武夷学院01专业组(不限)
2501,江西财经大学01专业组(不限)
2502,华东交通大学01专业组(不限)
2502,华东交通大学02专业组(不限)
2504,江西中医药大学01专业组(不限)
2504,江西中医药大学02专业组(化学或生物)
2505,南昌大学01专业组(不限)
2506,南昌航空大学01专业组(不限)
2507,江西科技师范大学01专业组(不限)
2507,江西科技师范大学02专业组(化学或生物)
2507,江西科技师范大学03专业组(思想政治)
2508,江西农业大学01专业组(不限)
2508,江西农业大学02专业组(化学或生物)
2508,江西农业大学03专业组(化学或地理)
2510,江西师范大学02专业组(不限)
2510,江西师范大学03专业组(化学或地理)
2510,江西师范大学04专业组(生物)
2510,江西师范大学05专业组(思想政治)
2511,南昌工程学院01专业组(不限)
2512,江西警察学院01专业组(不限)
2521,江西理工大学01专业组(不限)
2522,赣南医学院01专业组(不限)
2523,赣南师范大学01专业组(不限)
2523,赣南师范大学02专业组(化学或地理)
2523,赣南师范大学03专业组(思想政治)
2527,新余学院01专业组(不限)
2527,新余学院02专业组(化学)
2531,景德镇陶瓷大学01专业组(不限)
2531,景德镇陶瓷大学02专业组(思想政治)
2531,景德镇陶瓷大学03专业组(地理)
2541,东华理工大学01专业组(不限)
2542,萍乡学院01专业组(不限)
2543,南昌师范学院01专业组(不限)
2543,南昌师范学院02专业组(思想政治)
2543,南昌师范学院03专业组(思想政治或地理)
2551,宜春学院01专业组(不限)
2551,宜春学院02专业组(化学或地理)
2551,宜春学院03专业组(思想政治)
2561,九江学院01专业组(不限)
2571,上饶师范学院01专业组(不限)
2571,上饶师范学院02专业组(思想政治)
2572,赣东学院01专业组(不限)
2573,赣南科技学院01专业组(不限)
2574,南昌医学院01专业组(不限)
2574,南昌医学院02专业组(不限)
2574,南昌医学院03专业组(不限)
2581,井冈山大学01专业组(不限)
2581,井冈山大学02专业组(化学)
2596,景德镇学院01专业组(不限)
2601,山东大学01专业组(不限)
2601,山东大学02专业组(思想政治)
2602,济南大学01专业组(不限)
2602,济南大学02专业组(思想政治)
2603,北京交通大学(威海校区)01专业组(不限)
2605,山东中医药大学01专业组(不限)
2605,山东中医药大学02专业组(化学或生物)
2606,山东财经大学01专业组(不限)
2607,山东建筑大学01专业组(不限)
2608,山东工艺美术学院01专业组(不限)
2609,山东交通学院01专业组(不限)
2610,齐鲁工业大学01专业组(不限)
2610,齐鲁工业大学02专业组(化学或生物)
2611,山东理工大学01专业组(不限)
2621,中国海洋大学01专业组(不限)
2622,青岛理工大学01专业组(不限)
2624,青岛大学01专业组(不限)
2624,青岛大学02专业组(不限)
2631,山东农业大学01专业组(不限)
2633,山东科技大学01专业组(不限)
2635,潍坊学院01专业组(不限)
2635,潍坊学院02专业组(思想政治)
2642,聊城大学01专业组(不限)
2643,青岛农业大学01专业组(不限)
2643,青岛农业大学02专业组(化学或生物)
2645,临沂大学01专业组(不限)
2650,滨州学院01专业组(不限)
2651,烟台大学01专业组(不限)
2652,山东工商学院01专业组(不限)
2652,山东工商学院02专业组(思想政治)
2653,鲁东大学01专业组(不限)
2661,山东大学威海分校01专业组(不限)
2661,山东大学威海分校02专业组(不限)
2661,山东大学威海分校03专业组(思想政治)
2669,菏泽学院01专业组(不限)
2669,菏泽学院02专业组(化学或生物)
2671,曲阜师范大学01专业组(不限)
2683,德州学院01专业组(不限)
2691,山东第一医科大学01专业组(不限)
2701,山东女子学院01专业组(不限)
2702,济宁学院01专业组(不限)
2710,齐鲁师范学院01专业组(不限)
2711,山东师范大学01专业组(不限)
2711,山东师范大学02专业组(不限)
2711,山东师范大学03专业组(化学或地理)
2755,山东石油化工学院01专业组(不限)
3101,北京大学03专业组(不限)
3102,中国人民大学03专业组(不限)
3102,中国人民大学04专业组(思想政治)
3103,清华大学02专业组(不限)
3104,北京师范大学01专业组(不限)
3104,北京师范大学02专业组(不限)
3105,北京交通大学01专业组(不限)
3106,北京航空航天大学01专业组(不限)
3107,北京理工大学01专业组(不限)
3108,北京科技大学01专业组(不限)
3109,北京化工大学01专业组(不限)
3110,中国农业大学01专业组(不限)
3110,中国农业大学02专业组(不限)
3112,中国政法大学01专业组(不限)
3112,中国政法大学02专业组(思想政治)
3114,北京林业大学01专业组(不限)
3115,北京大学医学部01专业组(不限)
3116,北京外国语大学02专业组(不限)
3116,北京外国语大学03专业组(思想政治)
3116,北京外国语大学04专业组(思想政治)
3117,北京语言大学02专业组(不限)
3117,北京语言大学03专业组(思想政治)
3118,中国石油大学(北京)01专业组(不限)
3118,中国石油大学(北京)02专业组(思想政治)
3119,对外经济贸易大学02专业组(不限)
3120,中央财经大学01专业组(不限)
3121,北京中医药大学01专业组(不限)
3121,北京中医药大学02专业组(化学或生物)
3122,中国矿业大学(北京)01专业组(不限)
3123,中国传媒大学02专业组(不限)
3123,中国传媒大学03专业组(不限)
3127,北京体育大学01专业组(不限)
3127,北京体育大学02专业组(思想政治)
3128,华北电力大学(北京)01专业组(不限)
3129,中央民族大学01专业组(不限)
3132,北京第二外国语学院01专业组(不限)
3133,首都师范大学01专业组(不限)
3136,北京物资学院01专业组(不限)
3139,北京印刷学院01专业组(不限)
3142,北京工商大学01专业组(不限)
3144,北京联合大学01专业组(不限)
3148,北京电影学院01专业组(不限)
3153,华北科技学院01专业组(不限)
3154,首都经济贸易大学01专业组(不限)
3169,中国劳动关系学院01专业组(不限)
3201,南开大学02专业组(不限)
3203,天津医科大学01专业组(化学和生物)
3204,天津师范大学02专业组(不限)
3204,天津师范大学03专业组(化学或地理)
3204,天津师范大学04专业组(思想政治)
3205,中国民航大学01专业组(不限)
3205,中国民航大学02专业组(化学)
3205,中国民航大学03专业组(思想政治)
3206,天津工业大学01专业组(不限)
3207,天津商业大学01专业组(不限)
3207,天津商业大学02专业组(不限)
3208,天津科技大学01专业组(不限)
3208,天津科技大学02专业组(化学或生物)
3209,天津财经大学01专业组(不限)
3211,天津外国语大学01专业组(不限)
3211,天津外国语大学02专业组(不限)
3211,天津外国语大学03专业组(思想政治)
3212,天津中医药大学01专业组(不限)
3212,天津中医药大学02专业组(化学)
3212,天津中医药大学03专业组(化学或生物)
3213,天津农学院01专业组(不限)
3217,天津体育学院01专业组(不限)
3218,天津职业技术师范大学01专业组(不限)
3301,石家庄铁道大学01专业组(不限)
3302,河北科技师范学院01专业组(不限)
3302,河北科技师范学院02专业组(不限)
3305,河北地质大学01专业组(不限)
3307,河北工业大学01专业组(不限)
3310,河北经贸大学01专业组(不限)
3310,河北经贸大学02专业组(不限)
3311,华北电力大学(保定)01专业组(不限)
3312,河北大学01专业组(不限)
3312,河北大学02专业组(思想政治)
3314,河北师范大学01专业组(不限)
3314,河北师范大学02专业组(不限)
3314,河北师范大学03专业组(思想政治或地理)
3315,河北金融学院01专业组(不限)
3315,河北金融学院02专业组(不限)
3318,防灾科技学院01专业组(不限)
3320,河北环境工程学院01专业组(不限)
3320,河北环境工程学院02专业组(思想政治)
3321,燕山大学01专业组(不限)
3322,东北大学秦皇岛分校01专业组(不限)
3332,华北理工大学01专业组(不限)
3332,华北理工大学02专业组(不限)
3332,华北理工大学03专业组(化学)
3332,华北理工大学04专业组(化学或生物)
3333,衡水学院01专业组(不限)
3333,衡水学院02专业组(化学或生物)
3333,衡水学院03专业组(思想政治)
3341,北华航天工业学院01专业组(不限)
3350,张家口学院01专业组(不限)
3362,邢台学院01专业组(不限)
3365,沧州师范学院01专业组(不限)
3378,河北石油职业技术大学01专业组(不限)
3379,河北科技工程职业技术大学01专业组(不限)
3379,河北科技工程职业技术大学02专业组(化学)
3401,山西大学01专业组(不限)
3401,山西大学02专业组(思想政治)
3401,山西大学03专业组(思想政治或地理)
3401,山西大学04专业组(地理)
3402,中北大学01专业组(不限)
3403,山西财经大学01专业组(不限)
3403,山西财经大学02专业组(不限)
3404,太原科技大学01专业组(不限)
3405,太原理工大学01专业组(不限)
3406,太原工业学院01专业组(不限)
3408,山西中医药大学01专业组(不限)
3408,山西中医药大学02专业组(化学)
3408,山西中医药大学03专业组(化学或生物)
3410,山西农业大学01专业组(不限)
3410,山西农业大学02专业组(化学)
3410,山西农业大学03专业组(生物或地理)
3412,山西传媒学院01专业组(不限)
3415,山西师范大学01专业组(不限)
3415,山西师范大学02专业组(化学或地理)
3415,山西师范大学03专业组(思想政治)
3416,太原师范学院01专业组(不限)
3416,太原师范学院02专业组(化学或地理)
3416,太原师范学院03专业组(思想政治)
3417,山西大同大学01专业组(思想政治)
3418,运城学院01专业组(不限)
3418,运城学院02专业组(思想政治)
3431,吕梁学院01专业组(不限)
3431,吕梁学院02专业组(思想政治)
3432,晋中学院01专业组(不限)
3433,山西工程技术学院01专业组(不限)
3433,山西工程技术学院02专业组(化学或地理)
3501,内蒙古大学01专业组(思想政治)
3506,内蒙古民族大学01专业组(不限)
3506,内蒙古民族大学02专业组(思想政治)
3507,内蒙古财经大学01专业组(不限)
3511,内蒙古科技大学01专业组(不限)
3511,内蒙古科技大学02专业组(思想政治)
3515,赤峰学院01专业组(不限)
4101,东北大学01专业组(不限)
4102,辽宁大学01专业组(不限)
4102,辽宁大学02专业组(不限)
4102,辽宁大学03专业组(不限)
4102,辽宁大学04专业组(不限)
4102,辽宁大学05专业组(不限)
4104,沈阳药科大学01专业组(不限)
4104,沈阳药科大学02专业组(化学)
4104,沈阳药科大学03专业组(化学或生物)
4108,沈阳工业大学01专业组(不限)
4109,沈阳理工大学01专业组(不限)
4112,鞍山师范学院01专业组(不限)
4113,沈阳医学院01专业组(不限)
4113,沈阳医学院02专业组(化学)
4113,沈阳医学院03专业组(化学或生物)
4114,辽宁中医药大学01专业组(不限)
4114,辽宁中医药大学02专业组(不限)
4114,辽宁中医药大学03专业组(不限)
4117,沈阳师范大学01专业组(不限)
4117,沈阳师范大学02专业组(不限)
4126,辽宁师范大学01专业组(不限)
4131,大连理工大学01专业组(不限)
4132,大连海事大学01专业组(不限)
4133,东北财经大学01专业组(不限)
4133,东北财经大学02专业组(不限)
4133,东北财经大学03专业组(不限)
4135,大连外国语大学01专业组(不限)
4135,大连外国语大学02专业组(不限)
4136,大连大学01专业组(不限)
4139,大连交通大学01专业组(不限)
4140,大连民族大学01专业组(不限)
4152,渤海大学01专业组(不限)
4161,辽宁工程技术大学01专业组(不限)
4162,大连理工大学(盘锦校区)01专业组(不限)
4201,吉林大学02专业组(不限)
4201,吉林大学03专业组(思想政治)
4201,吉林大学04专业组(地理)
4202,东北师范大学01专业组(不限)
4202,东北师范大学02专业组(不限)
4203,吉林农业大学01专业组(不限)
4204,长春大学01专业组(不限)
4204,长春大学02专业组(不限)
4206,吉林财经大学01专业组(不限)
4206,吉林财经大学02专业组(不限)
4207,长春师范大学01专业组(不限)
4207,长春师范大学02专业组(不限)
4207,长春师范大学03专业组(不限)
4210,吉林建筑大学01专业组(不限)
4210,吉林建筑大学02专业组(生物或地理)
4212,吉林工程技术师范学院01专业组(不限)
4215,吉林师范大学01专业组(不限)
4215,吉林师范大学02专业组(不限)
4215,吉林师范大学03专业组(化学或地理)
4215,吉林师范大学04专业组(思想政治)
4220,吉林警察学院01专业组(不限)
4225,吉林农业科技学院01专业组(不限)
4228,吉林医药学院01专业组(不限)
4231,东北电力大学01专业组(不限)
4232,北华大学01专业组(不限)
4232,北华大学02专业组(思想政治)
4233,通化师范学院01专业组(不限)
4235,吉林化工学院01专业组(不限)
4235,吉林化工学院02专业组(化学或生物)
4237,吉林工商学院01专业组(不限)
4241,白城师范学院01专业组(不限)
4241,白城师范学院02专业组(不限)
4241,白城师范学院03专业组(化学或地理)
4241,白城师范学院04专业组(思想政治)
4302,哈尔滨工程大学01专业组(不限)
4303,东北林业大学01专业组(不限)
4304,东北农业大学01专业组(不限)
4306,黑龙江工程学院01专业组(不限)
4306,黑龙江工程学院02专业组(化学或地理)
4307,哈尔滨商业大学01专业组(不限)
4309,哈尔滨医科大学01专业组(不限)
4309,哈尔滨医科大学02专业组(化学)
4310,黑龙江科技大学01专业组(不限)
4310,黑龙江科技大学02专业组(思想政治)
4311,黑龙江大学02专业组(不限)
4311,黑龙江大学03专业组(思想政治)
4311,黑龙江大学04专业组(思想政治或地理)
4312,哈尔滨师范大学01专业组(不限)
4314,牡丹江师范学院01专业组(不限)
4314,牡丹江师范学院02专业组(地理)
4315,哈尔滨金融学院01专业组(不限)
4323,哈尔滨学院01专业组(不限)
4323,哈尔滨学院02专业组(不限)
4332,齐齐哈尔大学01专业组(不限)
4332,齐齐哈尔大学02专业组(思想政治)
4371,延边大学01专业组(不限)
5101,郑州大学01专业组(不限)
5103,中原工学院01专业组(不限)
5104,河南工业大学01专业组(不限)
5104,河南工业大学02专业组(不限)
5105,郑州航空工业管理学院01专业组(不限)
5106,郑州轻工业大学01专业组(不限)
5110,河南科技学院01专业组(不限)
5114,河南中医药大学01专业组(不限)
5117,河南农业大学01专业组(不限)
5118,信阳师范学院01专业组(不限)
5118,信阳师范学院02专业组(不限)
5119,河南财经政法大学01专业组(不限)
5119,河南财经政法大学02专业组(不限)
5119,河南财经政法大学03专业组(化学或地理)
5122,河南工程学院01专业组(不限)
5125,周口师范学院01专业组(不限)
5125,周口师范学院02专业组(生物或思想政治)
5125,周口师范学院03专业组(思想政治)
5131,洛阳理工学院01专业组(不限)
5132,河南科技大学01专业组(不限)
5133,洛阳师范学院01专业组(不限)
5134,平顶山学院01专业组(不限)
5141,河南大学01专业组(不限)
5141,河南大学02专业组(思想政治)
5141,河南大学03专业组(思想政治或地理)
5141,河南大学04专业组(地理)
5151,河南理工大学01专业组(不限)
5153,河南师范大学01专业组(不限)
5153,河南师范大学02专业组(不限)
5153,河南师范大学03专业组(思想政治)
5153,河南师范大学04专业组(思想政治)
5161,安阳工学院01专业组(不限)
5161,安阳工学院02专业组(地理)
5162,安阳师范学院01专业组(不限)
5172,郑州工程技术学院01专业组(不限)
5172,郑州工程技术学院02专业组(化学或地理)
5173,新乡学院01专业组(不限)
5173,新乡学院02专业组(思想政治和地理)
5174,许昌学院01专业组(不限)
5181,南阳师范学院01专业组(不限)
5181,南阳师范学院02专业组(化学或地理)
5181,南阳师范学院03专业组(思想政治)
5182,南阳理工学院01专业组(不限)
5182,南阳理工学院02专业组(不限)
5191,黄淮学院01专业组(不限)
5193,河南城建学院01专业组(不限)
5198,商丘师范学院01专业组(不限)
5198,商丘师范学院02专业组(思想政治)
5201,武汉大学02专业组(不限)
5202,华中科技大学01专业组(不限)
5203,华中师范大学01专业组(不限)
5203,华中师范大学02专业组(思想政治)
5204,华中农业大学01专业组(不限)
5205,中国地质大学(武汉)01专业组(不限)
5205,中国地质大学(武汉)02专业组(思想政治)
5206,中南财经政法大学03专业组(不限)
5206,中南财经政法大学04专业组(不限)
5207,武汉理工大学01专业组(不限)
5208,中南民族大学01专业组(不限)
5208,中南民族大学02专业组(思想政治)
5209,湖北大学01专业组(不限)
5211,湖北中医药大学01专业组(不限)
5211,湖北中医药大学02专业组(化学或生物)
5212,武汉纺织大学01专业组(不限)
5213,武汉体育学院01专业组(不限)
5215,武汉工程大学01专业组(不限)
5216,武汉轻工大学01专业组(不限)
5220,湖北第二师范学院01专业组(不限)
5220,湖北第二师范学院02专业组(不限)
5221,湖北经济学院01专业组(不限)
5243,长江大学01专业组(不限)
5251,三峡大学01专业组(不限)
5261,湖北师范大学01专业组(不限)
5261,湖北师范大学02专业组(化学或地理)
5265,湖北理工学院01专业组(不限)
5271,湖北警官学院01专业组(思想政治)
5285,荆楚理工学院01专业组(不限)
5287,湖北科技学院01专业组(不限)
5290,湖北文理学院01专业组(不限)
5295,湖北工程学院01专业组(不限)
5301,湖南大学01专业组(不限)
5301,湖南大学02专业组(不限)（边防军人子女预科班）
5302,中南大学01专业组(不限)
5303,湖南师范大学01专业组(不限)
5303,湖南师范大学02专业组(化学或地理)
5303,湖南师范大学03专业组(思想政治)
5305,湖南农业大学01专业组(不限)
5305,湖南农业大学02专业组(生物或地理)
5306,湖南工商大学01专业组(不限)
5306,湖南工商大学02专业组(化学或地理)
5307,长沙理工大学01专业组(不限)
5307,长沙理工大学02专业组(不限)
5308,长沙学院01专业组(不限)
5310,湖南人文科技学院01专业组(不限)
5310,湖南人文科技学院02专业组(不限)
5320,湖南财政经济学院01专业组(不限)
5321,湖南科技大学01专业组(不限)
5321,湖南科技大学02专业组(化学或地理)
5322,湖南工程学院01专业组(不限)
5323,湘潭大学01专业组(不限)
5327,湖南工学院01专业组(不限)
5327,湖南工学院02专业组(思想政治)
5327,湖南工学院03专业组(思想政治或地理)
5331,中南林业科技大学01专业组(不限)
5332,湖南工业大学01专业组(不限)
5341,南华大学01专业组(不限)
5342,衡阳师范学院01专业组(不限)
5342,衡阳师范学院02专业组(思想政治)
5343,湖南文理学院01专业组(不限)
5343,湖南文理学院02专业组(化学或地理)
5343,湖南文理学院03专业组(思想政治)
5349,湖南第一师范学院01专业组(不限)
5349,湖南第一师范学院02专业组(思想政治)
5351,湖南理工学院01专业组(不限)
5355,湖南城市学院01专业组(不限)
5355,湖南城市学院02专业组(思想政治)
5355,湖南城市学院03专业组(地理)
5361,吉首大学01专业组(不限)
5371,邵阳学院01专业组(不限)
5371,邵阳学院02专业组(思想政治)
5380,长沙师范学院01专业组(不限)
5381,湘南学院01专业组(不限)
5381,湘南学院02专业组(化学)
5385,怀化学院01专业组(不限)
5385,怀化学院02专业组(化学或生物)
5385,怀化学院03专业组(思想政治)
5391,湖南科技学院01专业组(不限)
5391,湖南科技学院02专业组(思想政治)
5393,湖南女子学院01专业组(不限)
5401,中山大学01专业组(不限)
5401,中山大学02专业组(不限)
5401,中山大学03专业组(思想政治)
5402,华南理工大学01专业组(不限)
5404,广东外语外贸大学01专业组(不限)
5404,广东外语外贸大学02专业组(思想政治)
5407,暨南大学01专业组(不限)
5407,暨南大学02专业组(不限)
5407,暨南大学03专业组(不限)
5407,暨南大学04专业组(不限)
5408,广州美术学院01专业组(不限)
5412,广东金融学院01专业组(不限)
5413,华南师范大学01专业组(不限)
5414,广东财经大学01专业组(不限)
5418,哈尔滨工业大学(深圳)01专业组(不限)
5420,广州中医药大学01专业组(化学或生物)
5421,汕头大学01专业组(不限)
5422,南方医科大学01专业组(不限)
5431,广东海洋大学01专业组(不限)
5431,广东海洋大学02专业组(思想政治或地理)
5437,韶关学院01专业组(不限)
5451,深圳大学01专业组(不限)
5461,北京师范大学-香港浸会大学联合国际学院01专业组(不限)
5477,岭南师范学院01专业组(不限)
5478,广东工业大学01专业组(不限)
5479,深圳技术大学01专业组(不限)
5480,深圳北理莫斯科大学02专业组(不限)
5502,广西中医药大学01专业组(不限)
5502,广西中医药大学02专业组(不限)
5502,广西中医药大学03专业组(生物)
5504,南宁师范大学01专业组(不限)
5504,南宁师范大学02专业组(思想政治或地理)
5505,玉林师范学院01专业组(不限)
5505,玉林师范学院02专业组(不限)
5506,广西艺术学院01专业组(不限)
5507,北部湾大学01专业组(不限)
5510,桂林医学院01专业组(不限)
5511,广西师范大学01专业组(不限)
5511,广西师范大学02专业组(思想政治)
5512,桂林理工大学01专业组(不限)
5517,右江民族医学院01专业组(不限)
5518,广西民族师范学院01专业组(不限)
5519,贺州学院01专业组(不限)
5521,桂林航天工业学院01专业组(不限)
5522,桂林旅游学院01专业组(不限)
5522,桂林旅游学院02专业组(不限)
5522,桂林旅游学院03专业组(化学或地理)
5527,广西科技师范学院01专业组(不限)
5527,广西科技师范学院02专业组(思想政治或地理)
5531,广西科技大学01专业组(不限)
5532,广西民族大学01专业组(不限)
5532,广西民族大学02专业组(不限)
5532,广西民族大学03专业组(不限)
5532,广西民族大学04专业组(思想政治)
5561,梧州学院01专业组(不限)
5561,梧州学院02专业组(思想政治或地理)
5601,海南大学01专业组(不限)
5601,海南大学02专业组(不限)
5601,海南大学03专业组(不限)
5601,海南大学04专业组(化学或地理)
5601,海南大学05专业组(思想政治)
5602,海南师范大学01专业组(不限)
5602,海南师范大学02专业组(不限)
5603,海南医学院01专业组(不限)
5603,海南医学院02专业组(化学)
5604,海南热带海洋学院01专业组(不限)
5604,海南热带海洋学院02专业组(不限)
5604,海南热带海洋学院03专业组(不限)
5604,海南热带海洋学院04专业组(思想政治)
5619,琼台师范学院01专业组(不限)
5619,琼台师范学院02专业组(思想政治)
6101,四川大学02专业组(不限)
6101,四川大学03专业组(不限)
6101,四川大学04专业组(思想政治)
6102,西南交通大学01专业组(不限)
6102,西南交通大学02专业组(思想政治)
6103,西南财经大学01专业组(不限)
6105,西南民族大学01专业组(不限)
6106,成都理工大学01专业组(不限)
6107,成都信息工程大学01专业组(不限)
6108,成都体育学院01专业组(不限)
6108,成都体育学院02专业组(化学)
6109,四川音乐学院01专业组(不限)
6110,西华大学01专业组(不限)
6110,西华大学02专业组(思想政治)
6114,成都大学01专业组(不限)
6114,成都大学02专业组(不限)
6115,四川轻化工大学01专业组(不限)
6117,西昌学院01专业组(不限)
6120,四川警察学院01专业组(思想政治)
6129,成都师范学院01专业组(不限)
6129,成都师范学院02专业组(化学或地理)
6131,西南科技大学01专业组(不限)
6140,四川师范大学01专业组(不限)
6140,四川师范大学02专业组(思想政治或地理)
6142,西华师范大学01专业组(不限)
6144,绵阳师范学院01专业组(不限)
6151,乐山师范学院01专业组(不限)
6161,川北医学院01专业组(不限)
6181,宜宾学院01专业组(不限)
6187,攀枝花学院01专业组(不限)
6201,重庆大学01专业组(不限)
6202,西南大学01专业组(不限)
6202,西南大学02专业组(化学或生物)
6202,西南大学03专业组(化学或地理)
6203,西南政法大学01专业组(不限)
6203,西南政法大学02专业组(不限)
6205,重庆医科大学01专业组(化学或生物)
6206,重庆工商大学01专业组(不限)
6206,重庆工商大学02专业组(不限)
6206,重庆工商大学03专业组(思想政治或地理)
6207,重庆交通大学01专业组(不限)
6208,重庆理工大学01专业组(不限)
6209,重庆邮电大学01专业组(不限)
6210,重庆师范大学01专业组(不限)
6210,重庆师范大学02专业组(化学或地理)
6210,重庆师范大学03专业组(思想政治)
6211,四川美术学院01专业组(不限)
6212,四川外国语大学02专业组(不限)
6212,四川外国语大学03专业组(不限)
6212,四川外国语大学04专业组(不限)
6212,四川外国语大学05专业组(不限)
6212,四川外国语大学06专业组(思想政治)
6213,重庆三峡学院01专业组(不限)
6214,长江师范学院01专业组(不限)
6215,重庆文理学院01专业组(不限)
6221,重庆科技学院01专业组(不限)
6301,贵州大学01专业组(不限)
6302,贵州中医药大学01专业组(不限)
6303,贵州医科大学01专业组(不限)
6304,贵州财经大学01专业组(不限)
6304,贵州财经大学02专业组(不限)
6306,贵州师范大学01专业组(思想政治)
6308,安顺学院01专业组(不限)
6308,安顺学院02专业组(思想政治)
6308,安顺学院03专业组(思想政治或地理)
6310,黔南民族师范学院01专业组(不限)
6315,贵州工程应用技术学院01专业组(不限)
6316,贵州商学院01专业组(不限)
6316,贵州商学院02专业组(不限)
6319,贵州理工学院01专业组(不限)
6320,六盘水师范学院01专业组(不限)
6323,贵州警察学院01专业组(思想政治)
6324,贵阳康养职业大学01专业组(不限)
6401,云南大学01专业组(不限)
6402,云南师范大学01专业组(不限)
6402,云南师范大学02专业组(化学或地理)
6402,云南师范大学03专业组(地理)
6403,云南艺术学院01专业组(不限)
6404,昆明理工大学01专业组(不限)
6405,云南农业大学01专业组(不限)
6405,云南农业大学02专业组(不限)
6405,云南农业大学03专业组(化学或生物)
6407,玉溪师范学院01专业组(不限)
6408,云南财经大学01专业组(不限)
6409,楚雄师范学院01专业组(不限)
6410,昆明学院01专业组(不限)
6410,昆明学院02专业组(地理)
6411,大理大学01专业组(不限)
6411,大理大学02专业组(不限)
6411,大理大学03专业组(思想政治)
6411,大理大学04专业组(思想政治或地理)
6413,红河学院01专业组(不限)
6414,云南民族大学01专业组(不限)
6417,曲靖师范学院01专业组(化学或地理)
6419,普洱学院01专业组(不限)
6420,文山学院01专业组(思想政治或地理)
6421,云南警官学院01专业组(思想政治)
7101,西北大学01专业组(不限)
7101,西北大学02专业组(不限)
7101,西北大学03专业组(思想政治)
7101,西北大学04专业组(思想政治或地理)
7102,西北工业大学01专业组(不限)
7103,陕西师范大学01专业组(不限)
7103,陕西师范大学02专业组(思想政治)
7104,西安交通大学01专业组(不限)
7104,西安交通大学02专业组(思想政治)
7107,长安大学01专业组(不限)
7109,西北政法大学01专业组(不限)
7110,西安工程大学01专业组(不限)
7110,西安工程大学02专业组(化学)
7111,西安财经大学01专业组(不限)
7113,西安石油大学01专业组(不限)
7114,西安医学院01专业组(不限)
7115,西安工业大学01专业组(不限)
7116,西安邮电大学01专业组(不限)
7117,西安外国语大学02专业组(不限)
7122,西安文理学院01专业组(不限)
7138,陕西中医药大学01专业组(不限)
7140,渭南师范学院01专业组(不限)
7140,渭南师范学院02专业组(不限)
7141,西北农林科技大学01专业组(不限)
7141,西北农林科技大学02专业组(化学或生物)
7142,延安大学01专业组(不限)
7142,延安大学02专业组(思想政治)
7142,延安大学03专业组(思想政治或地理)
7150,陕西学前师范学院01专业组(不限)
7150,陕西学前师范学院02专业组(地理)
7151,陕西科技大学01专业组(不限)
7162,宝鸡文理学院01专业组(不限)
7165,咸阳师范学院01专业组(不限)
7167,陕西理工大学01专业组(不限)
7167,陕西理工大学02专业组(思想政治)
7167,陕西理工大学03专业组(思想政治或地理)
7201,兰州大学01专业组(不限)
7201,兰州大学02专业组(生物或地理)
7201,兰州大学03专业组(思想政治)
7201,兰州大学04专业组(思想政治或地理)
7201,兰州大学05专业组(地理)
7202,兰州理工大学01专业组(不限)
7202,兰州理工大学02专业组(不限)
7203,兰州财经大学01专业组(不限)
7204,兰州交通大学01专业组(不限)
7205,西北民族大学01专业组(不限)
7205,西北民族大学02专业组(思想政治)
7206,甘肃农业大学01专业组(不限)
7207,甘肃政法大学01专业组(不限)
7207,甘肃政法大学02专业组(思想政治)
7211,陇东学院01专业组(不限)
7214,西北师范大学01专业组(不限)
7216,天水师范学院01专业组(不限)
7218,兰州城市学院01专业组(不限)
7218,兰州城市学院02专业组(地理)
7219,兰州文理学院01专业组(不限)
7302,青海民族大学01专业组(不限)
7303,青海师范大学01专业组(不限)
7401,北方民族大学01专业组(不限)
7402,宁夏大学01专业组(不限)
7501,新疆大学01专业组(不限)
7502,新疆师范大学01专业组(不限)
7502,新疆师范大学02专业组(思想政治)
7503,新疆农业大学01专业组(不限)
7503,新疆农业大学02专业组(化学或地理)
7505,新疆财经大学01专业组(不限)
7507,昌吉学院01专业组(不限)
7511,石河子大学01专业组(不限)
7512,新疆科技学院01专业组(不限)
7513,新疆理工学院01专业组(不限)
7521,伊犁师范大学01专业组(不限)
7521,伊犁师范大学02专业组(思想政治)
7529,喀什大学01专业组(不限)
7529,喀什大学02专业组(思想政治)
7529,喀什大学03专业组(思想政治或地理)
8001,上海杉达学院01专业组(不限)
8002,上海建桥学院01专业组(不限)
8003,上海兴伟学院01专业组(不限)
8004,上海视觉艺术学院01专业组(不限)
8005,上海外国语大学贤达经济人文学院01专业组(不限)
8006,上海师范大学天华学院01专业组(不限)
8023,上海立达学院01专业组(不限)
8029,上海中侨职业技术大学01专业组(不限)
8030,浙江万里学院01专业组(不限)
8031,浙江树人学院01专业组(不限)
8032,浙江越秀外国语学院01专业组(不限)
8032,浙江越秀外国语学院02专业组(不限)
8033,宁波财经学院01专业组(不限)
8036,浙江工业大学之江学院01专业组(不限)
8037,浙江师范大学行知学院01专业组(不限)
8038,宁波大学科学技术学院01专业组(不限)
8042,浙江农林大学暨阳学院01专业组(不限)
8046,绍兴文理学院元培学院01专业组(不限)
8048,浙江工商大学杭州商学院01专业组(不限)
8051,浙江财经大学东方学院01专业组(不限)
8052,温州商学院01专业组(不限)
8054,上海财经大学浙江学院01专业组(不限)
8077,浙江广厦建设职业技术大学01专业组(不限)
8080,安徽三联学院01专业组(不限)
8081,安徽新华学院01专业组(不限)
8082,安徽文达信息工程学院01专业组(不限)
8083,安徽外国语学院01专业组(不限)
8084,蚌埠工商学院01专业组(不限)
8085,安徽大学江淮学院01专业组(不限)
8087,马鞍山学院01专业组(不限)
8088,合肥城市学院01专业组(不限)
8090,安徽师范大学皖江学院01专业组(不限)
8094,皖江工学院01专业组(不限)
8094,皖江工学院02专业组(化学或生物)
8120,厦门华厦学院01专业组(不限)
8121,闽南理工学院01专业组(不限)
8124,厦门工学院01专业组(不限)
8125,阳光学院01专业组(不限)
8125,阳光学院02专业组(不限)
8126,厦门大学嘉庚学院01专业组(不限)
8127,福州大学至诚学院01专业组(不限)
8128,集美大学诚毅学院01专业组(不限)
8130,福州外语外贸学院01专业组(不限)
8132,仰恩大学01专业组(不限)
8170,江西科技学院01专业组(不限)
8172,南昌理工学院01专业组(不限)
8173,江西应用科技学院01专业组(不限)
8174,江西服装学院01专业组(化学)
8175,南昌工学院01专业组(不限)
8176,南昌大学科学技术学院01专业组(不限)
8177,南昌大学共青学院01专业组(不限)
8178,南昌交通学院01专业组(不限)
8180,南昌航空大学科技学院01专业组(不限)
8183,江西农业大学南昌商学院01专业组(不限)
8185,江西师范大学科学技术学院01专业组(不限)
8186,景德镇艺术职业大学01专业组(不限)
8187,南昌应用技术师范学院01专业组(不限)
8188,江西财经大学现代经济管理学院01专业组(不限)
8210,齐鲁医药学院01专业组(不限)
8211,青岛滨海学院01专业组(不限)
8212,烟台南山学院01专业组(不限)
8212,烟台南山学院02专业组(化学)
8213,潍坊科技学院01专业组(不限)
8214,山东英才学院01专业组(不限)
8215,青岛恒星科技学院01专业组(不限)
8216,青岛黄海学院01专业组(不限)
8217,山东现代学院01专业组(不限)
8217,山东现代学院02专业组(化学)
8218,山东协和学院01专业组(不限)
8219,烟台理工学院01专业组(不限)
8220,青岛城市学院01专业组(不限)
8223,泰山科技学院01专业组(不限)
8225,青岛工学院01专业组(不限)
8226,青岛农业大学海都学院01专业组(不限)
8227,齐鲁理工学院01专业组(不限)
8228,山东财经大学东方学院01专业组(不限)
8230,烟台科技学院01专业组(不限)
8231,青岛电影学院01专业组(不限)
8249,山东工程职业技术大学01专业组(不限)
8260,北京城市学院01专业组(不限)
8262,首都师范大学科德学院01专业组(不限)
8263,北京工商大学嘉华学院01专业组(不限)
8264,北京邮电大学世纪学院01专业组(不限)
8265,北京工业大学耿丹学院01专业组(不限)
8266,北京第二外国语学院中瑞酒店管理学院01专业组(不限)
8290,天津天狮学院01专业组(不限)
8291,天津外国语大学滨海外事学院01专业组(不限)
8291,天津外国语大学滨海外事学院02专业组(思想政治)
8292,天津传媒学院01专业组(不限)
8293,天津商业大学宝德学院01专业组(不限)
8294,天津医科大学临床医学院01专业组(不限)
8297,天津理工大学中环信息学院01专业组(不限)
8298,北京科技大学天津学院01专业组(不限)
8299,天津仁爱学院01专业组(不限)
8301,天津财经大学珠江学院01专业组(不限)
8313,河北科技学院01专业组(不限)
8314,河北外国语学院01专业组(不限)
8316,华北理工大学轻工学院01专业组(不限)
8318,河北经贸大学经济管理学院01专业组(不限)
8320,河北工程大学科信学院01专业组(化学)
8323,石家庄铁道大学四方学院01专业组(不限)
8324,河北地质大学华信学院01专业组(不限)
8326,保定理工学院01专业组(不限)
8327,燕京理工学院01专业组(不限)
8328,北京中医药大学东方学院01专业组(不限)
8329,沧州交通学院01专业组(不限)
8330,河北东方学院01专业组(不限)
8360,山西应用科技学院01专业组(不限)
8363,晋中信息学院01专业组(不限)
8363,晋中信息学院02专业组(化学或生物)
8364,山西晋中理工学院01专业组(不限)
8365,山西科技学院01专业组(不限)
8366,山西工商学院01专业组(思想政治或地理)
8379,运城职业技术大学01专业组(不限)
8401,辽宁对外经贸学院01专业组(不限)
8402,大连理工大学城市学院01专业组(不限)
8404,沈阳工学院01专业组(不限)
8405,大连工业大学艺术与信息工程学院01专业组(不限)
8406,大连科技学院01专业组(不限)
8407,沈阳城市建设学院01专业组(不限)
8408,大连医科大学中山学院01专业组(不限)
8411,大连财经学院01专业组(不限)
8412,沈阳城市学院01专业组(不限)
8416,大连东软信息学院01专业组(不限)
8417,辽宁师范大学海华学院01专业组(不限)
8440,吉林外国语大学01专业组(不限)
8440,吉林外国语大学02专业组(不限)
8441,长春光华学院01专业组(不限)
8442,长春工业大学人文信息学院01专业组(不限)
8443,长春电子科技学院01专业组(不限)
8444,长春财经学院01专业组(不限)
8445,吉林建筑科技学院01专业组(不限)
8446,长春建筑学院01专业组(不限)
8447,长春科技学院01专业组(不限)
8448,吉林动画学院01专业组(不限)
8449,吉林师范大学博达学院01专业组(不限)
8450,长春大学旅游学院01专业组(不限)
8451,长春人文学院01专业组(不限)
8470,黑龙江东方学院01专业组(不限)
8472,黑龙江财经学院01专业组(不限)
8473,哈尔滨石油学院01专业组(不限)
8474,哈尔滨广厦学院01专业组(不限)
8475,哈尔滨华德学院01专业组(不限)
8483,黑龙江工商学院01专业组(不限)
8501,黄河科技学院01专业组(不限)
8504,郑州财经学院01专业组(不限)
8508,郑州工商学院01专业组(不限)
8509,郑州经贸学院01专业组(不限)
8510,郑州商学院01专业组(不限)
8518,郑州西亚斯学院01专业组(不限)
8550,武汉东湖学院01专业组(不限)
8551,汉口学院01专业组(不限)
8552,武昌首义学院01专业组(不限)
8553,武昌理工学院01专业组(不限)
8554,武汉生物工程学院01专业组(不限)
8555,武汉晴川学院01专业组(不限)
8556,湖北大学知行学院01专业组(不限)
8557,武汉城市学院01专业组(不限)
8558,三峡大学科技学院01专业组(不限)
8559,湖北工业大学工程技术学院01专业组(不限)
8560,武汉工程大学邮电与信息工程学院01专业组(不限)
8561,武汉纺织大学外经贸学院01专业组(不限)
8562,武昌工学院01专业组(不限)
8563,武汉工商学院01专业组(不限)
8565,长江大学文理学院01专业组(不限)
8567,湖北汽车工业学院科技学院01专业组(不限)
8570,湖北经济学院法商学院01专业组(不限)
8571,武汉体育学院体育科技学院01专业组(不限)
8572,湖北文理学院理工学院01专业组(不限)
8573,文华学院01专业组(不限)
8574,武汉工程科技学院01专业组(不限)
8575,武汉华夏理工学院01专业组(不限)
8576,武汉传媒学院01专业组(不限)
8577,武汉设计工程学院01专业组(不限)
8601,长沙医学院01专业组(不限)
8602,湖南涉外经济学院01专业组(不限)
8603,湘潭大学兴湘学院01专业组(不限)
8604,湖南工业大学科技学院01专业组(不限)
8605,湖南科技大学潇湘学院01专业组(不限)
8606,南华大学船山学院01专业组(不限)
8607,湘潭理工学院01专业组(不限)
8609,湖南文理学院芙蓉学院01专业组(不限)
8610,湖南理工学院南湖学院01专业组(不限)
8613,吉首大学张家界学院01专业组(不限)
8614,长沙理工大学城南学院01专业组(不限)
8640,广东白云学院01专业组(不限)
8641,电子科技大学中山学院01专业组(不限)
8642,广东东软学院01专业组(不限)
8643,广州城市理工学院01专业组(不限)
8644,广州软件学院01专业组(不限)
8645,广州南方学院01专业组(不限)
8646,广东外语外贸大学南国商学院01专业组(不限)
8649,北京理工大学珠海学院01专业组(不限)
8650,珠海科技学院01专业组(不限)
8651,广州工商学院01专业组(不限)
8652,东莞城市学院01专业组(不限)
8661,广州华立学院01专业组(不限)
8665,广州新华学院01专业组(不限)
8710,南宁学院01专业组(不限)
8713,柳州工学院01专业组(不限)
8714,桂林学院01专业组(不限)
8715,广西中医药大学赛恩斯新医药学院01专业组(不限)
8715,广西中医药大学赛恩斯新医药学院02专业组(化学或生物)
8716,桂林信息科技学院01专业组(不限)
8718,广西外国语学院01专业组(不限)
8740,海口经济学院01专业组(不限)
8741,三亚学院01专业组(不限)
8741,三亚学院02专业组(不限)
8741,三亚学院03专业组(不限)
8741,三亚学院04专业组(不限)
8757,海南科技职业大学01专业组(不限)
8757,海南科技职业大学02专业组(化学和生物)
8760,成都东软学院01专业组(不限)
8761,电子科技大学成都学院01专业组(不限)
8762,成都理工大学工程技术学院01专业组(不限)
8764,成都银杏酒店管理学院01专业组(不限)
8767,四川外国语大学成都学院01专业组(不限)
8769,成都锦城学院01专业组(不限)
8770,西南财经大学天府学院01专业组(不限)
8771,四川大学锦江学院01专业组(不限)
8774,西南交通大学希望学院01专业组(不限)
8781,吉利学院01专业组(不限)
8801,重庆城市科技学院01专业组(不限)
8802,重庆外语外事学院01专业组(不限)
8803,重庆对外经贸学院01专业组(不限)
8803,重庆对外经贸学院02专业组(化学或地理)
8803,重庆对外经贸学院03专业组(思想政治)
8804,重庆财经学院01专业组(不限)
8805,重庆工商大学派斯学院01专业组(不限)
8805,重庆工商大学派斯学院02专业组(化学或地理)
8806,重庆移通学院01专业组(不限)
8808,重庆人文科技学院01专业组(不限)
8841,贵阳人文科技学院01专业组(不限)
8870,云南大学滇池学院01专业组(不限)
8871,丽江文化旅游学院01专业组(不限)
8873,昆明医科大学海源学院01专业组(不限)
8874,云南艺术学院文华学院01专业组(不限)
8875,昆明文理学院01专业组(不限)
8876,昆明理工大学津桥学院01专业组(不限)
8878,云南经济管理学院01专业组(不限)
8901,西安培华学院01专业组(不限)
8902,西安欧亚学院01专业组(不限)
8903,西安外事学院01专业组(不限)
8905,西京学院01专业组(不限)
8906,西安思源学院01专业组(不限)
8907,陕西国际商贸学院01专业组(不限)
8907,陕西国际商贸学院02专业组(化学)
8910,西安交通大学城市学院01专业组(不限)
8911,西北大学现代学院01专业组(不限)
8912,西安建筑科技大学华清学院01专业组(不限)
8913,西安财经大学行知学院01专业组(不限)
8914,西安工商学院01专业组(不限)
8915,延安大学西安创新学院01专业组(不限)
8916,西安明德理工学院01专业组(不限)
8918,西安科技大学高新学院01专业组(不限)
8940,兰州工商学院01专业组(不限)
8941,兰州博文科技学院01专业组(不限)
8941,兰州博文科技学院02专业组(化学)
8970,宁夏理工学院01专业组(不限)
8971,宁夏大学新华学院01专业组(不限)
8972,银川能源学院01专业组(不限)